Year,Rank,Team,Player,College,Years,Minutes,MPG,WS,WS48,BPM,VORP
2005,1,MIL,Andrew Bogut,Utah,14,19862,28.1,50.6,.122,1.2,16.0
2005,2,ATL,Marvin Williams,UNC,15,30159,28.1,65.1,.104,-0.4,12.3
2005,3,UTA,Deron Williams,Illinois,12,28865,34.2,77.3,.129,1.9,28.3
2005,4,NOH,Chris Paul,Wake Forest,16,37757,34.6,189.5,.241,7.4,89.7
2005,5,CHA,Raymond Felton,UNC,14,28829,29.7,40.2,.067,-0.6,10.1
2005,6,POR,Martell Webster,,10,13914,24.0,24.7,.085,-0.8,4.3
2005,7,TOR,Charlie Villanueva,UConn,11,13578,20.7,22.6,.080,-0.6,4.7
2005,8,NYK,Channing Frye,Arizona,13,19772,22.2,38.9,.094,-0.4,8.0
2005,9,GSW,Ike Diogu,Arizona State,6,2795,12.4,6.5,.112,-3.0,-0.7
2005,10,LAL,Andrew Bynum,,8,10690,25.6,37.4,.168,1.4,9.1
2005,11,ORL,Fran Vázquez,,,,,,,,
2005,12,LAC,Yaroslav Korolev,,2,168,4.9,-0.1,-.024,-5.2,-0.1
2005,13,CHA,Sean May,UNC,4,1868,15.7,2.6,.068,-1.7,0.2
2005,14,MIN,Rashad McCants,UNC,4,5037,20.2,3.6,.035,-1.7,0.4
2005,15,NJN,Antoine Wright,Texas A&amp;M,6,5714,19.2,3.1,.026,-3.7,-2.4
2005,16,TOR,Joey Graham,Oklahoma State,6,6117,16.2,7.8,.061,-3.6,-2.4
2005,17,IND,Danny Granger,New Mexico,10,18487,31.5,48.5,.126,1.8,17.7
2005,18,BOS,Gerald Green,,12,13026,19.8,18.4,.068,-1.3,2.4
2005,19,MEM,Hakim Warrick,Syracuse,8,10624,20.2,20.4,.092,-1.9,0.4
2005,20,DEN,Julius Hodge,NC State,2,98,4.3,0.0,.003,-3.7,0.0
2005,21,PHO,Nate Robinson,Washington,11,13878,22.5,27.8,.096,0.5,8.6
2005,22,DEN,Jarrett Jack,Georgia Tech,13,24140,27.8,36.8,.073,-0.9,6.5
2005,23,SAC,Francisco García,Louisville,10,11853,21.6,18.2,.074,-0.1,5.7
2005,24,HOU,Luther Head,Illinois,6,7797,22.4,14.7,.090,0.1,4.2
2005,25,SEA,Johan Petro,,8,7262,15.4,5.5,.037,-4.6,-4.6
2005,26,DET,Jason Maxiell,Cincinnati,10,11379,18.4,20.3,.086,-2.5,-1.4
2005,27,POR,Linas Kleiza,Missouri,7,8185,20.0,13.6,.080,-2.3,-0.7
2005,28,SAS,Ian Mahinmi,,12,10353,16.8,26.1,.121,-2.0,0.1
2005,29,MIA,Wayne Simien,Kansas,2,507,9.9,0.9,.083,-4.4,-0.3
2005,30,NYK,David Lee,Florida,12,24293,29.3,76.0,.150,1.1,19.2
2005,31,ATL,Salim Stoudamire,Arizona,3,2672,17.0,2.2,.040,-2.9,-0.6
2005,32,LAC,Daniel Ewing,Duke,2,1683,13.3,0.8,.024,-3.0,-0.4
2005,33,NOH,Brandon Bass,LSU,12,16410,21.6,42.8,.125,-0.8,5.1
2005,34,UTA,C.J. Miles,,15,17282,20.4,30.1,.084,-0.4,6.9
2005,35,POR,Ricky Sánchez,,,,,,,,
2005,36,MIL,Ersan İlyasova,,13,18957,23.0,48.8,.124,-0.1,9.0
2005,37,LAL,Ronny Turiaf,Gonzaga,10,8020,17.0,19.2,.115,0.3,4.7
2005,38,ORL,Travis Diener,Marquette,5,2660,14.9,5.6,.102,-0.4,1.1
2005,39,LAL,Von Wafer,Florida State,6,2475,12.4,3.3,.064,-1.8,0.1
2005,40,GSW,Monta Ellis,,12,29011,34.8,41.9,.069,-0.3,12.4
2005,41,TOR,Roko Ukić,,2,987,11.6,-0.2,-.007,-4.3,-0.6
2005,42,GSW,Chris Taft,Pitt,1,144,8.5,0.5,.155,-0.7,0.0
2005,43,NJN,Mile Ilić,,1,6,1.2,-0.2,-1.264,-52.0,-0.1
2005,44,ORL,Martynas Andriuškevičius,,1,9,1.5,0.0,.155,5.2,0.0
2005,45,PHI,Lou Williams,,16,26305,24.7,65.2,.119,1.5,23.3
2005,46,IND,Erazem Lorbek,,,,,,,,
2005,47,MIN,Bracey Wright,Indiana,2,325,12.5,0.5,.068,-1.6,0.0
2005,48,SEA,Mickaël Gelabale,,3,2348,16.2,3.0,.062,-2.1,0.0
2005,49,WAS,Andray Blatche,,9,12462,22.1,19.2,.074,-0.8,3.8
2005,50,BOS,Ryan Gomes,Providence,8,13463,27.6,19.4,.069,-1.6,1.4
2005,51,UTA,Robert Whaley,Walsh University,1,212,9.2,0.0,.004,-5.1,-0.2
2005,52,DEN,Axel Hervelle,,,,,,,,
2005,53,BOS,Orien Greene,Louisiana,4,1555,11.9,-0.7,-.022,-4.6,-1.0
2005,54,NYK,Dijon Thompson,UCLA,2,93,5.8,0.2,.102,-0.5,0.0
2005,55,SEA,Lawrence Roberts,Mississippi State,2,1150,13.2,2.5,.106,-1.9,0.0
2005,56,DET,Amir Johnson,,14,18323,21.1,55.3,.145,0.3,10.6
2005,57,PHO,Marcin Gortat,,12,20691,25.7,61.3,.142,0.4,12.7
2005,58,TOR,Uroš Slokar,,1,72,3.6,0.1,.042,-5.6,-0.1
2005,59,ATL,Cenk Akyol,,,,,,,,
2005,60,DET,Alex Acker,Pepperdine,2,234,7.8,-0.2,-.043,-5.3,-0.2
2006,1,TOR,Andrea Bargnani,,10,15806,28.7,18.9,.057,-1.6,1.5
2006,2,CHI,LaMarcus Aldridge,Texas,15,35192,34.2,112.6,.154,1.7,32.6
2006,3,CHA,Adam Morrison,Gonzaga,3,3278,20.4,-1.4,-.021,-5.0,-2.4
2006,4,POR,Tyrus Thomas,LSU,8,7932,19.7,13.0,.078,-1.2,1.7
2006,5,ATL,Shelden Williams,Duke,6,5586,15.5,9.9,.085,-3.0,-1.5
2006,6,MIN,Brandon Roy,Washington,6,11561,35.5,37.4,.155,3.6,16.3
2006,7,BOS,Randy Foye,Villanova,11,19279,25.6,23.5,.058,-1.2,3.8
2006,8,HOU,Rudy Gay,UConn,15,32707,32.4,58.6,.086,0.7,22.5
2006,9,GSW,Patrick O'Bryant,Bradley,4,524,5.8,0.5,.046,-4.6,-0.3
2006,10,SEA,Mouhamed Sene,,3,260,5.5,0.3,.052,-5.1,-0.2
2006,11,ORL,J.J. Redick,Duke,15,23964,25.5,63.7,.128,0.6,16.0
2006,12,NOK,Hilton Armstrong,UConn,6,3378,11.6,3.9,.055,-4.1,-1.8
2006,13,PHI,Thabo Sefolosha,,14,19062,21.9,39.3,.099,0.6,12.4
2006,14,UTA,Ronnie Brewer,Arkansas,8,11539,23.0,30.4,.127,1.6,10.6
2006,15,NOK,Cedric Simmons,NC State,3,705,9.4,0.1,.005,-5.0,-0.5
2006,16,CHI,Rodney Carney,Memphis,5,4600,15.4,6.2,.064,-1.6,0.5
2006,17,IND,Shawne Williams,Memphis,7,5368,17.1,6.7,.060,-2.2,-0.3
2006,18,WAS,Oleksiy Pecherov,,3,1044,9.4,0.5,.025,-4.8,-0.7
2006,19,SAC,Quincy Douby,Rutgers University,3,1535,10.7,0.0,.000,-3.5,-0.6
2006,20,NYK,Renaldo Balkman,South Carolina,6,3064,13.9,7.2,.113,0.1,1.6
2006,21,PHO,Rajon Rondo,Kentucky,15,27873,30.4,61.1,.105,1.3,23.2
2006,22,NJN,Marcus Williams,UConn,4,3095,15.2,0.0,-.001,-3.3,-1.0
2006,23,NJN,Josh Boone,UConn,4,4482,17.5,9.1,.097,-2.0,0.0
2006,24,MEM,Kyle Lowry,Villanova,15,30480,31.8,98.3,.155,3.1,39.6
2006,25,CLE,Shannon Brown,Michigan State,9,7329,18.0,9.2,.060,-1.5,1.0
2006,26,LAL,Jordan Farmar,UCLA,10,9840,19.5,13.9,.068,-0.5,3.7
2006,27,PHO,Sergio Rodríguez,,5,5281,15.0,4.3,.039,-2.0,0.1
2006,28,DAL,Maurice Ager,Michigan State,4,505,6.2,-0.9,-.089,-9.4,-0.9
2006,29,NYK,Mardy Collins,Temple,4,2771,14.7,-1.6,-.027,-4.4,-1.7
2006,30,POR,Joel Freeland,,3,1821,12.1,3.2,.084,-3.3,-0.6
2006,31,POR,James White,Cincinnati,3,583,8.7,0.8,.062,-3.2,-0.2
2006,32,HOU,Steve Novak,Marquette,11,5657,12.1,14.5,.123,0.8,4.0
2006,33,ATL,Solomon Jones,South Florida,8,3092,11.0,5.0,.078,-4.0,-1.6
2006,34,LAC,Paul Davis,Michigan State,4,702,8.6,0.5,.035,-4.2,-0.4
2006,35,TOR,P.J. Tucker,Texas,10,20548,29.1,35.0,.082,-0.9,5.8
2006,36,MIN,Craig Smith,Boston College,6,6826,16.9,16.0,.113,-1.2,1.4
2006,37,MIN,Bobby Jones,Washington,2,867,9.5,1.1,.060,-4.1,-0.5
2006,38,GSW,Kosta Perović,,1,38,5.4,0.0,.060,-5.9,0.0
2006,39,MIL,David Noel,UNC,1,792,11.6,0.4,.024,-3.1,-0.2
2006,40,SEA,Denham Brown,UConn,,,,,,,
2006,41,ORL,James Augustine,Illinois,2,156,5.8,0.3,.101,-2.7,0.0
2006,42,CLE,Daniel Gibson,Texas,7,9316,23.5,16.0,.082,-1.0,2.4
2006,43,NOK,Marcus Vinicius,,2,172,6.6,0.2,.056,-3.0,0.0
2006,44,ORL,Lior Eliyahu,,,,,,,,
2006,45,IND,Alexander Johnson,Florida State,2,1302,12.8,1.5,.056,-4.6,-0.9
2006,46,UTA,Dee Brown,Illinois,2,711,10.5,0.1,.008,-3.0,-0.2
2006,47,UTA,Paul Millsap,Louisiana Tech,15,30123,28.6,94.9,.151,1.9,29.9
2006,48,WAS,Vladimir Veremeenko,,,,,,,,
2006,49,DEN,Leon Powe,California,5,3320,13.9,12.0,.174,-1.6,0.3
2006,50,CHA,Ryan Hollins,UCLA,10,6134,11.8,10.4,.081,-4.1,-3.2
2006,51,LAL,Cheikh Samb,,2,114,5.2,-0.1,-.056,-9.1,-0.2
2006,52,LAC,Guillermo Díaz,Miami (FL),1,18,3.0,0.0,.033,-2.9,0.0
2006,53,SEA,Yotam Halperin,,,,,,,,
2006,54,NJN,Hassan Adams,Arizona,2,547,7.5,0.8,.072,-2.3,0.0
2006,55,CLE,Ejike Ugboaja,,,,,,,,
2006,56,TOR,Edin Bavčić,,,,,,,,
2006,57,MIN,Denham Brown,,,,,,,,
2006,58,DAL,Denham Brown,George Washington,,,,,,,
2006,59,SAS,Damir Markota,,1,170,5.7,-0.2,-.070,-8.5,-0.3
2006,60,DET,Will Blalock,Iowa State,1,166,11.9,-0.1,-.032,-5.8,-0.2
2007,1,POR,Greg Oden,Ohio State,3,2028,19.3,7.3,.174,-0.4,0.8
2007,2,SEA,Kevin Durant,Texas,13,32462,36.7,146.7,.217,6.7,71.6
2007,3,ATL,Al Horford,Florida,14,28592,32.5,92.8,.156,2.8,34.7
2007,4,MEM,Mike Conley,Ohio State,14,28561,32.2,80.1,.135,2.4,31.9
2007,5,BOS,Jeff Green,Georgetown,13,28614,29.3,46.4,.078,-1.3,4.9
2007,6,MIL,Yi Jianlian,,5,6038,22.2,3.1,.025,-4.3,-3.5
2007,7,MIN,Corey Brewer,Florida,13,18771,22.9,22.5,.058,-1.6,2.0
2007,8,CHA,Brandan Wright,UNC,10,6949,16.2,26.2,.181,2.3,7.5
2007,9,CHI,Joakim Noah,Florida,13,18646,27.7,61.9,.159,2.5,20.9
2007,10,SAC,Spencer Hawes,Washington,10,15541,22.7,22.6,.070,-1.1,3.4
2007,11,ATL,Acie Law,Texas A&amp;M,4,2385,12.7,1.6,.032,-3.9,-1.1
2007,12,PHI,Thaddeus Young,Georgia Tech,14,30933,29.9,66.7,.103,0.4,19.0
2007,13,NOK,Julian Wright,Kansas,4,3049,13.2,3.9,.061,-0.5,1.2
2007,14,LAC,Al Thornton,Florida State,4,8274,28.0,6.1,.035,-3.5,-3.2
2007,15,DET,Rodney Stuckey,Eastern Washington,10,17890,27.5,28.7,.077,-0.9,4.9
2007,16,WAS,Nick Young,USC,12,16419,22.8,18.6,.054,-2.2,-0.8
2007,17,NJN,Sean Williams,Boston College,4,1978,14.4,3.0,.073,-3.1,-0.6
2007,18,GSW,Marco Belinelli,,13,19548,22.7,30.5,.075,-1.3,3.3
2007,19,LAL,Javaris Crittenton,Georgia Tech,2,1853,16.4,0.1,.002,-4.2,-1.0
2007,20,MIA,Jason Smith,Colorado State,11,10029,16.3,14.1,.067,-2.9,-2.4
2007,21,PHI,Daequan Cook,Ohio State,6,5993,18.3,4.9,.039,-2.7,-1.1
2007,22,CHA,Jared Dudley,Boston College,14,20117,22.3,43.0,.103,0.2,11.0
2007,23,NYK,Wilson Chandler,DePaul,12,20287,30.0,29.0,.069,-1.3,3.5
2007,24,PHO,Rudy Fernández,,4,5965,24.0,14.2,.114,1.7,5.6
2007,25,UTA,Morris Almond,Rice University,3,361,9.5,0.0,.005,-6.1,-0.4
2007,26,HOU,Aaron Brooks,Oregon,10,13439,20.8,19.2,.069,-1.2,2.7
2007,27,DET,Arron Afflalo,UCLA,11,20829,27.3,33.5,.077,-1.5,2.4
2007,28,SAS,Tiago Splitter,,7,6812,19.2,25.3,.178,1.1,5.4
2007,29,PHO,Alando Tucker,Wisconsin,3,426,8.4,0.4,.045,-4.5,-0.3
2007,30,PHI,Petteri Koponen,,,,,,,,
2007,31,SEA,Carl Landry,Purdue,9,11524,22.5,35.9,.149,-0.3,5.0
2007,32,BOS,Gabe Pruitt,USC,2,461,7.4,0.4,.043,-2.8,-0.1
2007,33,SAS,Marcus Williams,Arizona,2,39,3.0,-0.1,-.084,-5.4,0.0
2007,34,DAL,Nick Fazekas,Nevada,1,269,10.3,0.8,.148,0.5,0.2
2007,35,SEA,Glen Davis,LSU,8,10865,21.1,18.6,.082,-2.6,-1.7
2007,36,GSW,Jermareo Davidson,Alabama,2,433,8.3,0.0,.000,-5.2,-0.3
2007,37,POR,Josh McRoberts,Duke,11,8271,19.1,18.5,.107,0.3,4.7
2007,38,PHI,Kyrylo Fesenko,,5,1107,8.2,0.9,.038,-5.7,-1.1
2007,39,MIA,Stanko Barać,,,,,,,,
2007,40,LAL,Sun Yue,,1,28,2.8,-0.1,-.226,-19.4,-0.1
2007,41,MIN,Chris Richard,Florida,2,780,11.1,0.7,.045,-5.7,-0.7
2007,42,POR,Derrick Byars,Vanderbilt,1,37,18.5,0.1,.147,-4.7,0.0
2007,43,NOK,,Iowa,,,,,,,
2007,44,ORL,,UNC,,,,,,,
2007,45,LAC,,Marist College,,,,,,,
2007,46,GSW,Stéphane Lasme,UMass,1,303,18.9,0.3,.041,-4.4,-0.2
2007,47,WAS,Dominic McGuire,Fresno State,6,5348,15.6,4.1,.037,-2.1,-0.1
2007,48,LAL,Marc Gasol,,13,28719,32.2,85.3,.143,3.1,36.5
2007,49,CHI,Aaron Gray,Pitt,7,3851,12.1,6.2,.077,-3.6,-1.5
2007,50,DAL,Renaldas Seibutis,,,,,,,,
2007,51,CHI,JamesOn Curry,Oklahoma State,1,0,0.0,0.0,,,0.0
2007,52,POR,Taurean Green,Florida,1,74,4.4,-0.1,-.066,-7.5,-0.1
2007,53,POR,Demetris Nichols,Syracuse,2,58,3.2,-0.2,-.203,-10.3,-0.1
2007,54,HOU,Brad Newley,,,,,,,,
2007,55,UTA,,Providence,,,,,,,
2007,56,MIL,Ramon Sessions,Nevada,11,16119,23.3,28.8,.086,-0.7,5.2
2007,57,DET,,DePaul,,,,,,,
2007,58,SAS,Georgios Printezis,,,,,,,,
2007,59,PHO,D.J. Strawberry,Maryland,1,270,8.2,-0.2,-.031,-5.6,-0.2
2007,60,DAL,Milovan Raković,,,,,,,,
2008,1,CHI,Derrick Rose,Memphis,12,20681,32.0,42.8,.099,1.3,17.6
2008,2,MIA,Michael Beasley,Kansas State,11,13903,22.8,15.6,.054,-1.7,0.9
2008,3,MIN,O.J. Mayo,USC,8,16919,30.9,21.8,.062,-0.9,4.7
2008,4,SEA,Russell Westbrook,UCLA,13,32748,34.7,104.8,.154,4.7,55.3
2008,5,MEM,Kevin Love,UCLA,13,23425,31.7,83.0,.170,3.3,31.3
2008,6,NYK,Danilo Gallinari,,12,20108,30.4,60.5,.144,2.0,20.0
2008,7,LAC,Eric Gordon,Indiana,13,22588,32.6,34.9,.074,-0.4,8.9
2008,8,MIL,Joe Alexander,West Virginia,2,745,11.1,0.5,.030,-3.6,-0.3
2008,9,CHA,D.J. Augustin,Texas,13,21968,23.9,46.9,.102,-0.6,7.9
2008,10,NJN,Brook Lopez,Stanford,13,25894,30.3,70.8,.131,1.3,21.7
2008,11,IND,Jerryd Bayless,Arizona,11,12486,21.3,18.6,.072,-1.6,1.1
2008,12,SAC,Jason Thompson,Rider University,8,14819,25.2,23.8,.077,-2.6,-2.4
2008,13,POR,Brandon Rush,Kansas,9,10564,22.0,11.2,.051,-1.4,1.6
2008,14,GSW,Anthony Randolph,LSU,6,3841,15.2,5.8,.072,-1.6,0.4
2008,15,PHO,Robin Lopez,Stanford,13,19961,22.1,48.2,.116,-1.0,4.9
2008,16,PHI,Marreese Speights,Florida,10,10640,15.1,25.8,.116,-2.2,-0.6
2008,17,TOR,Roy Hibbert,Georgetown,9,16389,24.8,35.9,.105,-1.1,3.5
2008,18,WAS,JaVale McGee,Nevada,13,12810,17.1,37.5,.141,0.1,6.6
2008,19,CLE,J.J. Hickson,NC State,8,11925,22.3,21.9,.088,-1.8,0.5
2008,20,CHA,Alexis Ajinça,,7,3905,13.3,7.5,.093,-2.8,-0.8
2008,21,NJN,Ryan Anderson,California,12,16769,25.8,46.7,.134,1.0,12.8
2008,22,ORL,Courtney Lee,Western Kentucky,12,21938,27.1,39.3,.086,-0.6,7.9
2008,23,UTA,Kosta Koufos,Ohio State,11,11271,16.4,28.3,.120,-1.3,2.0
2008,24,SEA,Serge Ibaka,,12,24064,28.3,70.8,.141,0.6,15.5
2008,25,HOU,Nicolas Batum,,13,26568,31.0,59.7,.108,1.6,24.2
2008,26,SAS,George Hill,IUPUI,13,22414,27.5,66.9,.143,1.4,19.1
2008,27,NOH,Darrell Arthur,Kansas,9,8945,17.8,12.3,.066,-2.2,-0.4
2008,28,MEM,Donté Greene,Syracuse,4,4259,16.8,1.5,.017,-2.8,-0.9
2008,29,DET,D.J. White,Indiana,6,2111,15.3,3.8,.087,-2.1,0.0
2008,30,BOS,J.R. Giddens,New Mexico,2,247,6.5,0.1,.027,-4.3,-0.1
2008,31,MIN,Nikola Peković,,6,6744,24.9,18.8,.134,-0.7,2.2
2008,32,SEA,Walter Sharpe,UAB,1,20,2.5,-0.1,-.131,-10.1,0.0
2008,33,POR,Joey Dorsey,Memphis,4,1488,11.4,2.9,.092,-2.7,-0.3
2008,34,MIN,Mario Chalmers,Kansas,9,17245,26.7,32.3,.090,-0.6,5.9
2008,35,LAC,DeAndre Jordan,Texas A&amp;M,13,25572,27.4,92.5,.174,1.4,21.7
2008,36,POR,Ömer Aşık,,8,9216,19.6,20.9,.109,-1.9,0.1
2008,37,MIL,Luc Mbah a Moute,UCLA,12,16038,23.3,26.0,.078,-1.5,2.0
2008,38,CHA,Kyle Weaver,Washington State,3,1379,18.9,1.5,.051,-1.1,0.3
2008,39,CHI,Sonny Weems,Arkansas,4,3335,18.2,0.0,.001,-4.2,-1.8
2008,40,NJN,Chris Douglas-Roberts,Memphis,6,4381,19.7,5.4,.059,-2.2,-0.2
2008,41,IND,Nathan Jawai,,2,431,9.6,0.2,.020,-4.4,-0.3
2008,42,SAC,Sean Singletary,Virginia,1,303,8.2,0.0,.006,-5.1,-0.2
2008,43,SAC,Patrick Ewing,Georgetown,1,19,2.7,-0.1,-.158,-9.1,0.0
2008,44,UTA,Ante Tomić,,,,,,,,
2008,45,SAS,Goran Dragić,,13,24236,28.0,55.9,.111,0.6,16.2
2008,46,SEA,,Brigham Young University Hawaii,,,,,,,
2008,47,WAS,Henry Walker,Kansas State,5,3016,16.7,5.0,.079,-1.8,0.2
2008,48,PHO,Malik Hairston,Oregon,2,472,7.6,0.8,.086,-2.0,0.0
2008,49,GSW,,Alabama,,,,,,,
2008,50,SEA,DeVon Hardin,California,,,,,,,
2008,51,DAL,,Vanderbilt,,,,,,,
2008,52,MIA,Darnell Jackson,Kansas,3,1039,7.5,1.3,.059,-5.2,-0.8
2008,53,UTA,Tadija Dragićević,,,,,,,,
2008,54,HOU,Maarty Leunen,Oregon,,,,,,,
2008,55,POR,Mike Taylor,Iowa State,1,771,15.1,-0.4,-.028,-5.2,-0.6
2008,56,SEA,Sasha Kaun,Kansas,1,95,3.8,0.2,.096,-2.8,0.0
2008,57,SAS,,Maryland,,,,,,,
2008,58,LAL,Joe Crawford,Kentucky,1,23,11.5,0.0,.037,-2.7,0.0
2008,59,DET,,Virginia Tech,,,,,,,
2008,60,BOS,Semih Erden,,2,928,13.4,1.8,.094,-3.6,-0.4
2009,1,LAC,Blake Griffin,Oklahoma,11,22857,34.2,77.2,.162,3.6,32.1
2009,2,MEM,Hasheem Thabeet,UConn,5,2357,10.5,4.8,.099,-2.7,-0.4
2009,3,OKC,James Harden,Arizona State,12,30198,34.4,142.0,.226,6.9,68.1
2009,4,SAC,Tyreke Evans,Memphis,10,18242,30.7,28.4,.075,0.8,13.1
2009,5,MIN,Ricky Rubio,,10,19158,30.4,40.3,.101,0.6,12.8
2009,6,MIN,Jonny Flynn,Syracuse,3,3738,22.9,-1.1,-.015,-4.0,-1.9
2009,7,GSW,Stephen Curry,Davidson,12,26150,34.3,112.2,.206,6.5,56.3
2009,8,NYK,Jordan Hill,Arizona,8,7692,18.8,16.4,.102,-2.0,0.0
2009,9,TOR,DeMar DeRozan,USC,12,30046,34.1,74.9,.120,0.6,19.6
2009,10,MIL,Brandon Jennings,,9,16844,30.3,29.9,.085,0.8,11.8
2009,11,NJN,Terrence Williams,Louisville,4,2922,19.1,-0.2,-.004,-2.8,-0.6
2009,12,CHA,Gerald Henderson,Duke,8,13854,25.9,18.3,.063,-1.8,0.6
2009,13,IND,Tyler Hansbrough,UNC,7,7233,16.9,20.2,.134,-2.0,0.0
2009,14,PHO,Earl Clark,Louisville,6,3630,13.9,2.9,.038,-2.8,-0.8
2009,15,DET,Austin Daye,Gonzaga,6,4132,14.1,4.5,.053,-2.0,0.0
2009,16,CHI,James Johnson,Wake Forest,12,14124,20.6,25.8,.088,0.7,9.5
2009,17,PHI,Jrue Holiday,UCLA,12,25610,33.2,49.5,.093,1.4,21.7
2009,18,MIN,Ty Lawson,UNC,8,16088,29.2,42.1,.126,1.4,13.6
2009,19,ATL,Jeff Teague,Wake Forest,12,22164,26.8,52.4,.113,0.6,14.3
2009,20,UTA,Eric Maynor,VCU,5,3896,14.6,3.3,.041,-2.9,-0.8
2009,21,NOH,Darren Collison,UCLA,10,20796,29.4,49.9,.115,0.6,13.5
2009,22,POR,Victor Claver,,3,1072,13.4,0.2,.011,-3.6,-0.4
2009,23,SAC,Omri Casspi,,10,11959,20.3,19.6,.078,-0.8,3.5
2009,24,DAL,Byron Mullens,Ohio State,5,3446,18.2,0.6,.008,-4.0,-1.8
2009,25,OKC,Rodrigue Beaubois,,4,2896,15.9,4.8,.079,-0.1,1.4
2009,26,CHI,Taj Gibson,USC,12,21030,24.9,56.2,.128,-0.7,7.2
2009,27,MEM,DeMarre Carroll,Missouri,11,13675,23.7,29.5,.104,0.0,6.7
2009,28,MIN,Wayne Ellington,UNC,12,15290,21.0,20.1,.063,-1.5,2.0
2009,29,LAL,Toney Douglas,Florida State,8,7511,19.1,12.1,.077,-0.8,2.2
2009,30,CLE,Christian Eyenga,,2,1049,20.6,-0.4,-.020,-4.2,-0.6
2009,31,SAC,Jeff Ayres,Arizona State,6,2322,9.8,6.3,.131,-2.3,-0.2
2009,32,WAS,Jermaine Taylor,Central Florida,2,786,12.1,0.2,.014,-3.7,-0.3
2009,33,POR,Dante Cunningham,Villanova,10,14875,20.8,24.9,.080,-1.7,1.1
2009,34,DEN,Sergio Llull,,,,,,,,
2009,35,DET,DaJuan Summers,Georgetown,4,820,9.9,-0.1,-.008,-5.8,-0.8
2009,36,MEM,Sam Young,Pitt,4,3966,15.9,5.2,.063,-2.1,-0.1
2009,37,SAS,DeJuan Blair,Pitt,7,7054,16.6,19.0,.129,-1.2,1.4
2009,38,POR,Jon Brockman,Washington,3,1570,10.5,3.7,.113,-3.9,-0.8
2009,39,DET,Jonas Jerebko,,9,11323,17.8,25.8,.109,-1.0,2.9
2009,40,CHA,Derrick Brown,Xavier,3,2554,14.9,4.5,.085,-1.3,0.4
2009,41,MIL,Jodie Meeks,Kentucky,10,12110,22.5,24.3,.096,-0.6,4.2
2009,42,LAL,Patrick Beverley,Arkansas,9,12935,27.6,30.4,.113,0.9,9.5
2009,43,MIA,Marcus Thornton,LSU,8,11299,23.4,20.0,.085,0.2,6.2
2009,44,DET,Chase Budinger,Arizona,7,7998,19.7,13.9,.083,-0.5,2.9
2009,45,MIN,Nick Calathes,Florida,2,2011,15.6,2.6,.063,-0.5,0.8
2009,46,CLE,Danny Green,UNC,12,19390,25.6,47.2,.117,2.0,19.5
2009,47,MIN,Henk Norel,,,,,,,,
2009,48,PHO,Taylor Griffin,Oklahoma,1,32,4.0,0.0,-.039,-8.1,-0.1
2009,49,ATL,Sergiy Gladyr,,,,,,,,
2009,50,UTA,,Michigan State,,,,,,,
2009,51,SAS,,Miami (FL),,,,,,,
2009,52,IND,A.J. Price,UConn,6,3929,15.1,4.7,.058,-1.3,0.7
2009,53,SAS,Nando De Colo,,2,1414,11.9,2.4,.081,-0.7,0.5
2009,54,CHA,,UAB,,,,,,,
2009,55,POR,Patty Mills,Saint Mary's,12,14667,19.8,32.5,.106,0.3,8.6
2009,56,DAL,,Saint Joseph's,,,,,,,
2009,57,PHO,Emir Preldžić,,,,,,,,
2009,58,BOS,Lester Hudson,University of Tennessee at Martin,4,594,10.4,0.2,.016,-2.1,0.0
2009,59,LAL,Chinemelu Elonu,Texas A&amp;M,,,,,,,
2009,60,MIA,,Memphis,,,,,,,
2010,1,WAS,John Wall,Kentucky,10,21833,35.6,44.1,.097,2.4,24.1
2010,2,PHI,Evan Turner,Ohio State,10,18938,26.9,20.2,.051,-1.9,0.5
2010,3,NJN,Derrick Favors,Georgia Tech,11,18549,24.7,58.8,.152,1.0,13.8
2010,4,MIN,Wesley Johnson,Syracuse,9,13472,22.1,10.7,.038,-1.6,1.2
2010,5,SAC,DeMarcus Cousins,Kentucky,10,18791,31.0,45.2,.116,2.6,21.6
2010,6,GSW,Ekpe Udoh,Baylor,7,5694,14.8,10.4,.088,-1.4,0.8
2010,7,DET,Greg Monroe,Georgetown,9,17475,27.7,49.7,.136,1.4,15.2
2010,8,LAC,Al-Farouq Aminu,Wake Forest,11,17698,24.9,27.6,.075,-0.6,6.4
2010,9,UTA,Gordon Hayward,Butler,11,21268,31.0,57.2,.129,2.1,22.2
2010,10,IND,Paul George,Fresno State,11,23664,33.5,75.3,.153,4.1,36.2
2010,11,NOH,Cole Aldrich,Kansas,8,3389,10.0,9.6,.135,0.1,1.8
2010,12,MEM,Xavier Henry,Kansas,5,2905,15.7,0.8,.013,-4.4,-1.7
2010,13,TOR,Ed Davis,UNC,11,13555,19.6,42.8,.151,-0.2,6.1
2010,14,HOU,Patrick Patterson,Kentucky,11,14923,20.8,31.9,.102,-0.1,7.4
2010,15,MIL,Larry Sanders,VCU,6,4635,19.5,10.3,.107,-1.1,1.1
2010,16,MIN,Luke Babbitt,Nevada,8,5332,14.0,7.2,.065,-2.1,-0.1
2010,17,CHI,Kevin Séraphin,,7,6430,15.2,5.9,.044,-4.3,-3.6
2010,18,OKC,Eric Bledsoe,Kentucky,11,19660,28.0,44.7,.109,1.7,18.3
2010,19,BOS,Avery Bradley,Texas,11,16745,28.0,16.0,.046,-2.3,-1.3
2010,20,SAS,James Anderson,Oklahoma State,5,4320,17.5,3.3,.037,-2.7,-0.8
2010,21,OKC,Craig Brackins,Iowa State,2,121,7.1,-0.2,-.089,-9.9,-0.2
2010,22,POR,Elliot Williams,Memphis,4,1470,13.5,0.7,.024,-4.9,-1.1
2010,23,MIN,Trevor Booker,Clemson,8,10872,20.4,26.2,.116,-0.5,4.2
2010,24,ATL,Damion James,Texas,4,623,16.0,0.0,-.001,-3.7,-0.3
2010,25,MEM,Dominique Jones,South Florida,3,741,9.3,0.3,.017,-2.4,-0.1
2010,26,OKC,Quincy Pondexter,Washington,7,5530,15.6,9.7,.084,-1.8,0.3
2010,27,NJN,Jordan Crawford,Xavier,6,6843,24.4,6.3,.044,-1.3,1.3
2010,28,MEM,Greivis Vásquez,Maryland,7,9520,23.7,12.6,.064,-1.2,1.9
2010,29,ORL,Daniel Orton,Kentucky,3,542,10.6,1.0,.093,-3.5,-0.2
2010,30,WAS,Lazar Hayward,Marquette,3,591,8.2,0.2,.020,-4.2,-0.3
2010,31,NJN,Tibor Pleiß,,1,82,6.8,-0.1,-.041,-11.6,-0.2
2010,32,MIA,Dexter Pittman,Texas,4,347,6.9,0.5,.068,-7.7,-0.5
2010,33,SAC,Hassan Whiteside,Marshall,9,11483,25.7,46.2,.193,2.6,13.3
2010,34,POR,Armon Johnson,Nevada,2,401,8.5,-0.1,-.015,-4.1,-0.2
2010,35,WAS,Nemanja Bjelica,,6,8030,21.2,16.9,.101,0.2,4.3
2010,36,DET,,Ole Miss,,,,,,,
2010,37,MIL,Darington Hobson,New Mexico,1,39,7.8,-0.2,-.225,-13.0,-0.1
2010,38,NYK,Andy Rautins,Syracuse,1,24,4.8,-0.2,-.314,-13.2,-0.1
2010,39,NYK,Landry Fields,Stanford,5,6010,23.6,10.5,.084,-0.3,2.6
2010,40,IND,Lance Stephenson,Cincinnati,9,11866,23.4,16.7,.068,-1.2,2.5
2010,41,MIA,Jarvis Varnado,Mississippi State,2,397,10.7,0.7,.089,-3.3,-0.1
2010,42,MIA,,West Virginia,,,,,,,
2010,43,LAL,Devin Ebanks,West Virginia,3,711,11.3,0.5,.035,-4.8,-0.5
2010,44,MIL,Jerome Jordan,Tulsa,2,491,7.6,1.7,.168,-1.0,0.1
2010,45,MIN,Paulão Prestes,,,,,,,,
2010,46,PHO,Gani Lawal,Georgia Tech,1,2,2.0,0.0,-.009,-15.0,0.0
2010,47,MIL,,Oklahoma,,,,,,,
2010,48,MIA,Latavious Williams,,,,,,,,
2010,49,SAS,Ryan Richards,,,,,,,,
2010,50,DAL,Solomon Alabi,Florida State,2,181,7.0,0.0,.010,-4.4,-0.1
2010,51,OKC,,Louisiana Tech,,,,,,,
2010,52,BOS,Luke Harangody,Notre Dame,2,871,12.4,0.9,.048,-3.5,-0.3
2010,53,ATL,Pape Sy,,1,21,7.0,0.0,-.047,-6.0,0.0
2010,54,LAC,Willie Warren,Oklahoma,1,134,7.1,0.2,.065,-2.7,0.0
2010,55,UTA,Jeremy Evans,Western Kentucky,7,2626,10.5,8.2,.150,0.9,1.9
2010,56,MIN,Hamady N'Diaye,Rutgers University,3,157,4.8,0.0,.013,-7.3,-0.2
2010,57,IND,Ryan Reid,Florida State,1,17,3.4,0.1,.142,-2.0,0.0
2010,58,LAL,Derrick Caracter,Texas-El Paso,1,215,5.2,0.3,.057,-7.1,-0.3
2010,59,ORL,,UConn,,,,,,,
2010,60,PHO,Dwayne Collins,Miami (FL),,,,,,,
2011,1,CLE,Kyrie Irving,Duke,10,19713,33.9,68.7,.167,4.6,32.7
2011,2,MIN,Derrick Williams,Arizona,7,8864,20.7,14.1,.076,-1.6,0.8
2011,3,UTA,Enes Kanter,,10,15690,22.0,51.4,.157,-0.2,7.3
2011,4,CLE,Tristan Thompson,Texas,10,18659,27.7,46.0,.118,-1.6,1.7
2011,5,TOR,Jonas Valančiūnas,,9,15901,25.6,60.1,.181,1.0,11.9
2011,6,WAS,Jan Veselý,,3,2455,15.2,4.0,.078,-2.6,-0.4
2011,7,SAC,Bismack Biyombo,,10,14213,20.2,27.6,.093,-2.7,-2.4
2011,8,DET,Brandon Knight,Kentucky,8,13137,29.5,11.5,.042,-1.6,1.5
2011,9,CHA,Kemba Walker,UConn,10,23718,33.7,57.7,.117,2.9,29.1
2011,10,MIL,Jimmer Fredette,BYU,6,3213,13.3,2.2,.033,-2.5,-0.4
2011,11,GSW,Klay Thompson,Washington State,8,20340,33.1,46.8,.110,0.7,14.2
2011,12,UTA,Alec Burks,Colorado,10,12061,22.2,20.0,.079,-0.9,3.4
2011,13,PHO,Markieff Morris,Kansas,10,17426,25.0,26.7,.074,-1.4,2.7
2011,14,HOU,Marcus Morris,Kansas,10,17887,26.9,34.0,.091,-0.5,6.8
2011,15,IND,Kawhi Leonard,San Diego State,10,18025,31.3,83.3,.222,6.8,40.1
2011,16,PHI,Nikola Vučević,USC,10,20451,30.6,54.4,.128,2.3,22.4
2011,17,NYK,Iman Shumpert,Georgia Tech,10,11470,24.9,12.9,.054,-1.7,0.9
2011,18,WAS,Chris Singleton,Florida State,3,2605,17.6,2.3,.042,-3.2,-0.8
2011,19,CHA,Tobias Harris,Tennessee,10,21075,31.0,52.8,.120,1.2,16.8
2011,20,MIN,Donatas Motiejūnas,,6,4566,18.2,7.1,.075,-2.5,-0.5
2011,21,POR,Nolan Smith,Duke,2,829,9.9,-0.8,-.047,-6.0,-0.8
2011,22,DEN,Kenneth Faried,Morehead State University,8,11728,24.5,38.8,.159,0.5,7.5
2011,23,HOU,Nikola Mirotić,,5,7718,24.2,20.8,.129,1.6,7.1
2011,24,OKC,Reggie Jackson,Boston College,10,15664,24.9,33.1,.101,0.4,9.5
2011,25,BOS,MarShon Brooks,Providence,5,3456,17.3,3.3,.046,-1.6,0.4
2011,26,DAL,Jordan Hamilton,Texas,5,2100,13.9,3.0,.069,-0.1,1.0
2011,27,NJN,JaJuan Johnson,Purdue,1,298,8.3,0.2,.032,-3.9,-0.1
2011,28,CHI,Norris Cole,Cleveland State University,6,8018,22.3,3.0,.018,-4.1,-4.1
2011,29,SAS,Cory Joseph,Texas,10,14561,22.0,26.2,.086,-1.0,3.8
2011,30,CHI,Jimmy Butler,Marquette,10,20933,33.1,84.4,.194,4.5,34.2
2011,31,MIA,Bojan Bogdanović,,7,15388,28.8,27.8,.087,-1.1,3.6
2011,32,CLE,Justin Harper,Richmond,3,150,6.8,-0.3,-.093,-8.7,-0.2
2011,33,DET,Kyle Singler,Duke,6,7794,21.9,10.0,.062,-2.5,-0.9
2011,34,WAS,Shelvin Mack,Butler,8,8392,18.4,10.3,.059,-1.9,0.1
2011,35,SAC,Tyler Honeycutt,UCLA,2,120,5.0,-0.1,-.049,-5.1,-0.1
2011,36,NJN,Jordan Williams,Maryland,1,635,14.8,1.3,.101,-2.1,0.0
2011,37,LAC,Trey Thompkins,Georgia,1,119,5.0,0.0,.004,-5.7,-0.1
2011,38,HOU,Chandler Parsons,Florida,9,13246,30.1,28.9,.105,1.1,10.2
2011,39,CHA,Jeremy Tyler,,3,1034,9.9,0.3,.014,-7.0,-1.3
2011,40,MIL,Jon Leuer,Wisconsin,8,5945,15.8,13.2,.107,-0.7,2.0
2011,41,LAL,Darius Morris,Michigan,4,1464,11.1,-0.3,-.010,-5.1,-1.2
2011,42,IND,Dāvis Bertāns,,5,6573,19.9,15.9,.116,0.7,4.5
2011,43,CHI,Malcolm Lee,UCLA,3,534,14.8,0.4,.040,-2.5,-0.1
2011,44,GSW,Charles Jenkins,Hofstra,2,1334,12.1,0.5,.017,-4.5,-0.8
2011,45,NOH,Josh Harrellson,Kentucky,3,888,11.8,2.1,.116,-0.4,0.4
2011,46,LAL,Andrew Goudelock,College of Charleston,3,475,9.7,0.0,.003,-5.0,-0.3
2011,47,LAC,Travis Leslie,Georgia,1,45,4.5,0.1,.060,-0.3,0.0
2011,48,ATL,Keith Benson,Oakland,1,9,3.0,0.0,-.005,-7.7,0.0
2011,49,MEM,Josh Selby,Kansas,2,296,7.8,-0.7,-.113,-9.5,-0.6
2011,50,PHI,Lavoy Allen,Temple,6,6905,17.8,13.8,.096,-2.1,-0.1
2011,51,POR,Jon Diebler,Ohio State,,,,,,,
2011,52,DET,Vernon Macklin,Florida,1,135,5.9,0.5,.161,1.2,0.1
2011,53,ORL,DeAndre Liggins,Kentucky,5,1907,10.8,1.6,.040,-2.2,-0.1
2011,54,CLE,Milan Mačvan,,,,,,,,
2011,55,BOS,E'Twaun Moore,Purdue,10,12564,21.0,14.8,.057,-1.9,0.2
2011,56,LAL,Chukwudiebere Maduabum,,,,,,,,
2011,57,DAL,,,,,,,,,
2011,58,LAL,Ater Majok,,,,,,,,
2011,59,SAS,Ádám Hanga,,,,,,,,
2011,60,SAC,Isaiah Thomas,Washington,10,15230,28.8,45.2,.142,2.2,16.3
2012,1,NOH,Anthony Davis,Kentucky,9,19401,34.4,86.8,.215,6.2,40.0
2012,2,CHA,Michael Kidd-Gilchrist,Kentucky,8,10978,24.6,21.0,.092,-1.8,0.6
2012,3,WAS,Bradley Beal,Florida,9,20979,34.7,47.4,.108,1.8,19.9
2012,4,CLE,Dion Waiters,Syracuse,8,11835,28.2,8.8,.036,-2.1,-0.4
2012,5,SAC,Thomas Robinson,Kansas,5,4204,13.4,4.6,.053,-3.5,-1.6
2012,6,POR,Damian Lillard,Weber State,9,24779,36.3,92.3,.179,4.8,42.6
2012,7,GSW,Harrison Barnes,UNC,9,21176,31.6,38.8,.088,-1.0,5.5
2012,8,TOR,Terrence Ross,Washington,9,15178,25.0,23.1,.073,-0.7,5.1
2012,9,DET,Andre Drummond,UConn,9,19832,30.7,62.6,.152,1.3,16.6
2012,10,NOH,Austin Rivers,Duke,9,14362,24.4,12.7,.043,-3.0,-3.6
2012,11,POR,Meyers Leonard,Illinois,9,7158,16.0,15.5,.104,-1.4,1.0
2012,12,HOU,Jeremy Lamb,UConn,9,10961,21.2,25.5,.112,0.8,7.6
2012,13,PHO,Kendall Marshall,UNC,4,3083,19.3,1.0,.015,-3.5,-1.1
2012,14,MIL,John Henson,UNC,8,8752,19.7,20.7,.113,-0.4,3.4
2012,15,PHI,Maurice Harkless,St. John's,9,13156,22.9,22.5,.082,-0.7,4.3
2012,16,HOU,Royce White,Iowa State,1,9,3.0,0.0,-.121,-16.9,0.0
2012,17,DAL,Tyler Zeller,UNC,8,7254,17.5,17.1,.113,-2.0,0.0
2012,18,HOU,Terrence Jones,Kentucky,6,5562,23.8,14.7,.127,0.5,3.6
2012,19,ORL,Andrew Nicholson,St. Bonaventure,5,4080,14.3,3.8,.045,-3.6,-1.6
2012,20,DEN,Evan Fournier,,9,16117,28.5,26.8,.080,-1.0,4.1
2012,21,BOS,Jared Sullinger,Ohio State,5,6532,24.3,15.3,.113,-0.4,2.7
2012,22,BOS,Fab Melo,Syracuse,1,36,6.0,0.0,.021,-7.6,-0.1
2012,23,ATL,John Jenkins,Vanderbilt,6,2183,12.8,3.0,.065,-1.9,0.1
2012,24,CLE,Jared Cunningham,Oregon State,4,605,7.2,0.2,.017,-5.7,-0.6
2012,25,MEM,Tony Wroten,Washington,4,3076,21.2,-1.3,-.021,-3.4,-1.1
2012,26,IND,Miles Plumlee,Duke,7,5658,16.4,10.6,.090,-1.9,0.2
2012,27,MIA,Arnett Moultrie,Mississippi State,2,729,12.4,1.7,.113,-2.8,-0.1
2012,28,OKC,Perry Jones,Baylor,3,1675,11.7,1.7,.048,-3.5,-0.6
2012,29,CHI,Marquis Teague,Kentucky,3,909,10.0,-0.9,-.045,-6.5,-1.0
2012,30,GSW,Festus Ezeli,Vanderbilt,3,2394,14.1,5.9,.119,-2.0,0.0
2012,31,CHA,Jeff Taylor,Vanderbilt,3,2566,19.4,1.3,.024,-4.2,-1.5
2012,32,WAS,Tomáš Satoranský,,5,7711,23.2,16.9,.105,-0.6,2.8
2012,33,CLE,Bernard James,Florida State,3,761,8.3,1.9,.117,-1.8,0.0
2012,34,CLE,Jae Crowder,Marquette,9,16676,25.0,35.9,.103,0.2,9.3
2012,35,GSW,Draymond Green,Michigan State,9,18183,28.5,49.0,.129,2.6,21.3
2012,36,SAC,Orlando Johnson,UC Santa Barbara,3,1112,10.8,1.4,.059,-2.4,-0.1
2012,37,TOR,Quincy Acy,Baylor,7,5392,16.0,8.7,.078,-2.0,-0.1
2012,38,DEN,Quincy Miller,Baylor,3,934,13.5,-0.1,-.003,-3.9,-0.5
2012,39,DET,Khris Middleton,Texas A&amp;M,9,18551,31.7,45.2,.117,0.6,12.4
2012,40,POR,Will Barton,Memphis,9,13846,25.1,22.8,.079,-0.2,6.1
2012,41,POR,Tyshawn Taylor,Kansas,2,491,8.0,-0.9,-.088,-8.1,-0.8
2012,42,MIL,Doron Lamb,Kentucky,2,1272,12.7,0.1,.005,-5.8,-1.2
2012,43,ATL,Mike Scott,Virginia,9,9182,16.5,16.8,.088,-1.8,0.6
2012,44,DET,Kim English,Missouri,1,407,9.9,0.2,.021,-4.2,-0.2
2012,45,PHI,Justin Hamilton,LSU,3,1961,17.4,3.7,.091,-0.9,0.5
2012,46,NOH,Darius Miller,Kentucky,6,5358,19.8,6.5,.059,-2.3,-0.4
2012,47,UTA,Kevin Murphy,Tennessee Technological University,1,52,3.1,-0.3,-.272,-16.8,-0.2
2012,48,NYK,Kostas Papanikolaou,,2,1089,15.8,0.3,.015,-2.7,-0.2
2012,49,ORL,Kyle O'Quinn,Norfolk State,8,6714,14.2,17.8,.128,0.9,5.0
2012,50,DEN,İzzet Türkyılmaz,,,,,,,,
2012,51,BOS,Kris Joseph,Syracuse,1,54,5.4,-0.1,-.127,-9.9,-0.1
2012,52,GSW,Ognjen Kuzmić,,2,164,4.4,0.2,.061,-5.6,-0.2
2012,53,LAC,Furkan Aldemir,,1,540,13.2,1.4,.122,-3.6,-0.2
2012,54,PHI,Tornike Shengelia,,2,247,5.5,-0.2,-.032,-7.0,-0.3
2012,55,DAL,Darius Johnson-Odom,Marquette,2,21,3.0,-0.3,-.597,-25.5,-0.1
2012,56,TOR,Tomislav Zubčić,,,,,,,,
2012,57,NJN,İlkan Karaman,,,,,,,,
2012,58,MIN,Robbie Hummel,Purdue,2,1397,14.3,1.9,.066,-3.1,-0.4
2012,59,SAS,Marcus Denmon,Missouri,,,,,,,
2012,60,LAL,Robert Sacre,Gonzaga,4,2745,14.5,2.4,.042,-4.0,-1.4
2013,1,CLE,Anthony Bennett,UNLV,4,1905,12.6,0.5,.013,-4.8,-1.3
2013,2,ORL,Victor Oladipo,Indiana,8,14968,33.0,24.6,.079,0.9,10.9
2013,3,WAS,Otto Porter,Georgetown,8,11684,26.5,31.1,.128,1.6,10.6
2013,4,CHA,Cody Zeller,Indiana,8,10618,22.7,31.0,.140,-0.5,4.1
2013,5,PHO,Alex Len,Maryland,8,10149,19.1,20.7,.098,-1.9,0.2
2013,6,NOH,Nerlens Noel,Kentucky,7,9524,22.4,26.8,.135,0.9,7.0
2013,7,SAC,Ben McLemore,Kansas,8,11249,22.9,8.2,.035,-3.1,-3.0
2013,8,DET,Kentavious Caldwell-Pope,Georgia,8,17645,29.1,31.8,.087,-0.7,5.6
2013,9,MIN,Trey Burke,Michigan,8,9960,21.8,12.9,.062,-1.2,2.0
2013,10,POR,CJ McCollum,Lehigh,8,16479,31.2,36.7,.107,1.2,13.3
2013,11,PHI,Michael Carter-Williams,Syracuse,8,9898,25.3,6.6,.032,-1.2,1.9
2013,12,OKC,Steven Adams,Pitt,8,15812,26.9,49.1,.149,0.3,9.1
2013,13,DAL,Kelly Olynyk,Gonzaga,8,12644,22.2,33.6,.128,0.9,9.0
2013,14,UTA,Shabazz Muhammad,UCLA,5,4772,17.2,8.5,.085,-2.0,0.0
2013,15,MIL,Giannis Antetokounmpo,,8,19150,32.5,74.6,.187,5.4,35.8
2013,16,BOS,Lucas Nogueira,,4,1754,12.4,6.0,.165,2.3,1.9
2013,17,ATL,Dennis Schröder,,8,14610,26.2,20.5,.067,-1.1,3.4
2013,18,ATL,Shane Larkin,Miami (FL),4,4880,19.1,4.4,.044,-2.4,-0.6
2013,19,CLE,Sergey Karasev,,3,1110,11.7,0.8,.036,-3.4,-0.4
2013,20,CHI,Tony Snell,New Mexico,8,12270,22.4,18.1,.071,-1.9,0.3
2013,21,UTA,Gorgui Dieng,Louisville,8,11896,21.5,29.5,.119,0.3,6.9
2013,22,BRK,Mason Plumlee,Duke,8,12976,22.1,39.5,.146,1.4,11.3
2013,23,IND,Solomon Hill,Arizona,8,9513,21.9,11.9,.060,-2.2,-0.4
2013,24,NYK,Tim Hardaway Jr.,Michigan,8,14592,26.8,23.8,.078,-0.9,4.1
2013,25,LAC,Reggie Bullock,UNC,8,7873,21.5,14.9,.091,-0.6,2.7
2013,26,MIN,Andre Roberson,Colorado,7,6801,22.2,12.6,.089,-0.6,2.3
2013,27,DEN,Rudy Gobert,,8,16181,29.7,74.9,.222,3.9,24.0
2013,28,SAS,Livio Jean-Charles,,,,,,,,
2013,29,OKC,Archie Goodwin,Kentucky,4,2396,14.5,1.1,.022,-3.0,-0.6
2013,30,PHO,Nemanja Nedović,,1,142,5.9,-0.4,-.132,-10.0,-0.3
2013,31,CLE,Allen Crabbe,California,7,9125,24.0,13.7,.072,-1.6,0.9
2013,32,OKC,Álex Abrines,,3,2777,16.0,5.0,.086,-1.9,0.1
2013,33,CLE,Carrick Felix,Arizona State,1,38,5.4,0.0,.057,-3.4,0.0
2013,34,HOU,Isaiah Canaan,Murray State,6,4799,20.4,4.3,.043,-2.4,-0.5
2013,35,PHI,Glen Rice Jr.,Georgia Tech,2,152,9.5,-0.2,-.065,-6.6,-0.2
2013,36,SAC,Ray McCallum,Detroit Mercy,3,2808,18.2,2.1,.035,-2.6,-0.4
2013,37,DET,Tony Mitchell,University of North Texas,1,79,3.8,0.2,.151,0.4,0.0
2013,38,WAS,Nate Wolters,South Dakota State,3,1575,18.8,0.9,.028,-2.6,-0.2
2013,39,POR,Jeff Withey,Kansas,5,2072,10.1,6.8,.157,0.5,1.3
2013,40,POR,Grant Jerrett,Arizona,1,51,6.4,-0.1,-.128,-10.8,-0.1
2013,41,MEM,Jamaal Franklin,San Diego State,2,174,7.3,0.0,-.006,-5.9,-0.2
2013,42,PHI,Pierre Jackson,Baylor,1,84,10.5,0.0,.021,-4.4,-0.1
2013,43,MIL,Ricky Ledo,Providence,2,277,9.9,-0.6,-.096,-7.6,-0.4
2013,44,DAL,Mike Muscala,Bucknell,8,6102,15.7,14.5,.114,-0.3,2.7
2013,45,POR,Marko Todorović,,,,,,,,
2013,46,UTA,Erick Green,Virginia Tech,2,452,8.7,0.1,.011,-4.0,-0.2
2013,47,ATL,Raul Neto,,6,4888,15.4,8.6,.084,-1.3,0.9
2013,48,LAL,Ryan Kelly,Duke,4,3125,19.2,3.0,.046,-2.6,-0.5
2013,49,CHI,Erik Murphy,Florida,1,62,2.6,-0.1,-.055,-8.6,-0.1
2013,50,ATL,James Ennis,Cal State Long Beach,7,7966,20.5,16.1,.097,-1.5,0.9
2013,51,ORL,Romero Osby,Oklahoma,,,,,,,
2013,52,MIN,Lorenzo Brown,NC State,5,1185,11.5,-0.2,-.007,-3.5,-0.5
2013,53,IND,Colton Iverson,Colorado State,,,,,,,
2013,54,WAS,Arsalan Kazemi,Oregon,,,,,,,
2013,55,MEM,Joffrey Lauvergne,,4,2823,13.6,5.2,.089,-2.1,-0.1
2013,56,DET,Peyton Siva,Louisville,1,224,9.3,-0.2,-.032,-6.4,-0.2
2013,57,PHO,Alex Oriakhi,Missouri,,,,,,,
2013,58,SAS,Deshaun Thomas,Ohio State,,,,,,,
2013,59,MIN,Bojan Dubljević,,,,,,,,
2013,60,MEM,Jānis Timma,,,,,,,,
2014,1,CLE,Andrew Wiggins,Kansas,7,18606,35.4,18.9,.049,-1.8,1.0
2014,2,MIL,Jabari Parker,Duke,7,8423,28.3,13.5,.077,-0.8,2.5
2014,3,PHI,Joel Embiid,Kansas,5,7943,30.6,31.6,.191,4.9,13.8
2014,4,ORL,Aaron Gordon,Arizona,7,12901,28.5,23.6,.088,0.0,6.4
2014,5,UTA,Dante Exum,,6,4545,18.6,3.1,.032,-3.3,-1.5
2014,6,BOS,Marcus Smart,Oklahoma State,7,13188,29.4,24.0,.087,-0.3,5.6
2014,7,LAL,Julius Randle,Kentucky,7,13601,30.5,28.3,.100,0.3,7.9
2014,8,SAC,Nik Stauskas,Michigan,5,6662,19.9,3.8,.028,-3.0,-1.7
2014,9,CHH,Noah Vonleh,Indiana,7,5683,16.8,9.2,.078,-2.4,-0.6
2014,10,PHI,Elfrid Payton,Louisiana,7,12834,28.5,15.9,.060,-0.8,3.8
2014,11,DEN,Doug McDermott,Creighton,7,9789,20.6,17.7,.087,-1.8,0.6
2014,12,ORL,Dario Šarić,,5,8965,25.2,16.4,.088,-0.9,2.6
2014,13,MIN,Zach LaVine,UCLA,7,12891,31.4,17.8,.066,0.1,6.7
2014,14,PHO,T.J. Warren,NC State,7,9553,28.8,19.6,.099,-0.2,4.2
2014,15,ATL,Adreian Payne,Michigan State,4,1403,13.1,-0.6,-.019,-5.9,-1.4
2014,16,CHI,Jusuf Nurkić,,7,8236,23.2,19.7,.115,0.5,5.1
2014,17,BOS,James Young,Kentucky,4,812,8.5,0.8,.046,-3.4,-0.3
2014,18,PHO,Tyler Ennis,Syracuse,4,2336,12.6,1.3,.026,-3.4,-0.8
2014,19,CHI,Gary Harris,Michigan State,7,11743,28.9,18.6,.076,-1.3,2.2
2014,20,TOR,Bruno Caboclo,,7,1293,12.3,1.5,.054,-2.7,-0.2
2014,21,OKC,Mitch McGary,Michigan,2,557,10.7,1.3,.108,-2.6,-0.1
2014,22,MEM,Jordan Adams,UCLA,2,263,8.2,0.4,.070,1.7,0.2
2014,23,UTA,Rodney Hood,Duke,7,10268,25.9,16.7,.078,-1.1,2.2
2014,24,CHH,Shabazz Napier,UConn,6,5986,17.4,8.1,.065,-0.7,2.0
2014,25,HOU,Clint Capela,,7,10572,26.6,44.5,.202,2.0,10.6
2014,26,MIA,P.J. Hairston,UNC,2,2000,18.0,0.9,.021,-3.9,-1.0
2014,27,PHO,Bogdan Bogdanović,,4,7193,28.4,12.5,.084,0.2,4.1
2014,28,LAC,C.J. Wilcox,Washington,3,376,5.7,0.1,.007,-4.3,-0.2
2014,29,OKC,Josh Huestis,Stanford,3,1068,14.1,0.7,.030,-3.5,-0.4
2014,30,SAS,Kyle Anderson,UCLA,7,9099,20.9,23.5,.124,1.8,8.7
2014,31,MIL,Damien Inglis,,1,156,7.8,-0.1,-.024,-5.6,-0.1
2014,32,PHI,K.J. McDaniels,Clemson,3,2092,14.1,1.3,.030,-2.8,-0.4
2014,33,CLE,Joe Harris,Virginia,7,10178,25.4,20.0,.094,-0.6,3.7
2014,34,NYK,Cleanthony Early,Wichita State,2,801,14.3,-0.6,-.039,-5.9,-0.8
2014,35,UTA,Jarnell Stokes,Tennessee,3,151,5.4,0.6,.202,0.1,0.1
2014,36,MIL,Johnny O'Bryant,LSU,4,1684,11.5,0.2,.006,-6.2,-1.8
2014,37,TOR,DeAndre Daniels,UConn,,,,,,,
2014,38,DET,Spencer Dinwiddie,Colorado,7,8226,25.7,18.4,.107,0.3,4.8
2014,39,PHI,Jerami Grant,Syracuse,7,12954,25.5,25.8,.095,-0.6,4.4
2014,40,MIN,Glenn Robinson III,Michigan,7,5299,17.4,7.9,.071,-1.7,0.3
2014,41,DEN,Nikola Jokić,,6,13542,29.9,64.4,.228,7.9,34.0
2014,42,HOU,Nick Johnson,Arizona,1,262,9.4,-0.1,-.020,-6.5,-0.3
2014,43,ATL,Edy Tavares,,2,101,7.8,0.2,.118,-0.4,0.0
2014,44,MIN,Markel Brown,Oklahoma State,3,1794,15.9,1.1,.029,-2.9,-0.4
2014,45,CHH,Dwight Powell,Stanford,7,7922,18.5,29.8,.180,1.4,6.7
2014,46,WAS,Jordan Clarkson,Missouri,7,14050,27.0,18.1,.062,-0.5,5.3
2014,47,PHI,Russ Smith,Louisville,2,131,4.9,-0.2,-.068,-5.1,-0.1
2014,48,MIL,Lamar Patterson,Pitt,2,435,10.9,0.1,.006,-5.7,-0.4
2014,49,CHI,Cameron Bairstow,New Mexico,2,167,4.6,-0.1,-.021,-8.1,-0.3
2014,50,PHO,Alec Brown,Green Bay,,,,,,,
2014,51,NYK,Thanasis Antetokounmpo,,3,686,8.7,0.9,.061,-3.7,-0.3
2014,52,PHI,Vasilije Micić,,,,,,,,
2014,53,MIN,Alessandro Gentile,,,,,,,,
2014,54,PHI,Nemanja Dangubić,,,,,,,,
2014,55,MIA,Semaj Christon,Xavier,1,973,15.2,0.1,.006,-5.1,-0.8
2014,56,DEN,Devyn Marble,Iowa,2,457,10.4,-0.3,-.028,-5.5,-0.4
2014,57,IND,Louis Labeyrie,,,,,,,,
2014,58,SAS,Jordan McRae,Tennessee,4,1696,13.8,1.7,.048,-2.1,0.0
2014,59,TOR,Xavier Thames,San Diego State,,,,,,,
2014,60,SAS,Cory Jefferson,Baylor,2,581,10.0,0.9,.071,-3.3,-0.2
2015,1,MIN,Karl-Anthony Towns,Kentucky,6,13996,34.3,55.8,.191,4.8,23.8
2015,2,LAL,D'Angelo Russell,Ohio State,6,10400,29.0,10.0,.046,0.4,6.4
2015,3,PHI,Jahlil Okafor,Duke,6,4827,19.5,7.2,.071,-2.1,-0.1
2015,4,NYK,Kristaps Porziņģis,,5,8905,31.1,21.5,.116,1.3,7.4
2015,5,ORL,Mario Hezonja,,5,6107,18.5,3.2,.025,-2.8,-1.2
2015,6,SAC,Willie Cauley-Stein,Kentucky,6,9093,22.6,23.1,.122,-0.1,4.4
2015,7,DEN,Emmanuel Mudiay,,5,7176,23.9,-0.2,-.001,-3.2,-2.2
2015,8,DET,Stanley Johnson,Arizona,6,7316,19.7,4.4,.029,-2.8,-1.5
2015,9,CHO,Frank Kaminsky,Wisconsin,6,7744,21.0,14.4,.089,-0.5,3.0
2015,10,MIA,Justise Winslow,Duke,6,7355,27.5,7.0,.046,-2.1,-0.2
2015,11,IND,Myles Turner,Texas,6,11144,28.6,29.7,.128,0.5,7.1
2015,12,UTA,Trey Lyles,Kentucky,6,6680,17.9,10.9,.079,-1.2,1.3
2015,13,PHO,Devin Booker,Kentucky,6,13727,33.6,22.3,.078,-0.1,6.4
2015,14,OKC,Cameron Payne,Murray State,6,3716,16.8,6.3,.081,-0.7,1.3
2015,15,ATL,Kelly Oubre Jr.,Kansas,6,10062,25.0,14.3,.068,-1.9,0.2
2015,16,BOS,Terry Rozier,Louisville,6,9980,24.7,18.1,.087,0.3,5.8
2015,17,MIL,Rashad Vaughn,UNLV,3,1671,12.0,-0.6,-.017,-4.7,-1.2
2015,18,HOU,Sam Dekker,Wisconsin,4,3096,15.5,5.4,.083,-1.4,0.5
2015,19,WAS,Jerian Grant,Notre Dame,5,4998,17.9,8.3,.080,-1.6,0.5
2015,20,TOR,Delon Wright,Utah,6,7125,21.3,19.2,.129,2.1,7.3
2015,21,DAL,Justin Anderson,Virginia,5,2964,13.1,4.6,.074,-1.4,0.5
2015,22,CHI,Bobby Portis,Arkansas,6,7809,20.5,15.6,.096,-0.8,2.3
2015,23,POR,Rondae Hollis-Jefferson,Arizona,6,6759,22.2,12.9,.091,-0.7,2.3
2015,24,CLE,Tyus Jones,Duke,6,6828,17.9,14.2,.100,0.0,3.5
2015,25,MEM,Jarell Martin,LSU,4,2927,15.9,3.2,.053,-4.3,-1.7
2015,26,SAS,Nikola Milutinov,,,,,,,,
2015,27,LAL,Larry Nance Jr.,Wyoming,6,8487,24.2,22.2,.125,1.2,6.8
2015,28,BOS,R.J. Hunter,Georgia State University,4,395,8.8,0.4,.051,-2.0,0.0
2015,29,BRK,Chris McCullough,Syracuse,3,532,9.0,0.6,.054,-2.5,-0.1
2015,30,GSW,Kevon Looney,UCLA,6,4282,15.0,13.7,.153,-0.8,1.3
2015,31,MIN,Cedi Osman,,4,6536,25.0,4.4,.032,-2.9,-1.5
2015,32,HOU,Montrezl Harrell,Louisville,6,8223,21.2,33.4,.195,2.6,9.6
2015,33,BOS,Jordan Mickey,LSU,3,482,7.5,0.5,.050,-4.8,-0.3
2015,34,LAL,Anthony Brown,Stanford,3,762,18.6,-0.2,-.016,-5.1,-0.6
2015,35,PHI,Willy Hernangómez,,5,3852,15.0,11.5,.143,0.1,2.0
2015,36,MIN,Rakeem Christmas,Syracuse,2,225,7.5,0.5,.105,-4.7,-0.2
2015,37,PHI,Richaun Holmes,Bowling Green,6,6849,20.7,23.4,.164,0.5,4.3
2015,38,DET,Darrun Hilliard,Villanova,3,859,9.4,0.3,.016,-4.7,-0.6
2015,39,CHO,Juan Pablo Vaulet,,,,,,,,
2015,40,MIA,Josh Richardson,Tennessee,6,11432,30.6,20.3,.085,-0.6,4.1
2015,41,BRK,Pat Connaughton,Notre Dame,6,6026,17.1,13.7,.109,-0.4,2.4
2015,42,UTA,Olivier Hanlan,Boston College,,,,,,,
2015,43,IND,Joe Young,Oregon,3,1077,8.5,0.4,.016,-4.1,-0.6
2015,44,PHO,Andrew Harrison,Kentucky,3,2987,20.6,3.2,.051,-2.8,-0.6
2015,45,BOS,Marcus Thornton,William &amp; Mary,,,,,,,
2015,46,MIL,Norman Powell,UCLA,6,7965,21.2,16.7,.101,-0.2,3.6
2015,47,PHI,Artūras Gudaitis,,,,,,,,
2015,48,OKC,Dakari Johnson,Kentucky,1,161,5.2,0.6,.178,-0.3,0.1
2015,49,WAS,Aaron White,Iowa,,,,,,,
2015,50,ATL,Marcus Eriksson,,,,,,,,
2015,51,ORL,Tyler Harvey,Eastern Washington,,,,,,,
2015,52,DAL,Satnam Singh,,,,,,,,
2015,53,CLE,Sir'Dominic Pointer,St. John's,,,,,,,
2015,54,UTA,Dani Díez,,,,,,,,
2015,55,SAS,Cady Lalanne,UMass,,,,,,,
2015,56,NOP,Branden Dawson,Michigan State,1,29,4.8,0.0,.069,-5.7,0.0
2015,57,DEN,Nikola Radičević,,,,,,,,
2015,58,PHI,J.P. Tokoto,UNC,,,,,,,
2015,59,ATL,Dimitrios Agravanis,,,,,,,,
2015,60,PHI,Luka Mitrović,,,,,,,,
2016,1,PHI,Ben Simmons,LSU,4,9326,33.9,30.4,.156,3.7,13.4
2016,2,LAL,Brandon Ingram,Duke,5,10211,32.6,14.8,.070,-0.7,3.4
2016,3,BOS,Jaylen Brown,California,5,9339,27.7,18.7,.096,-0.4,3.9
2016,4,PHO,Dragan Bender,,4,3755,20.1,0.5,.006,-4.0,-1.9
2016,5,MIN,Kris Dunn,Providence,5,5561,24.1,3.7,.032,-1.9,0.1
2016,6,NOP,Buddy Hield,Oklahoma,5,11176,28.9,15.2,.065,0.4,6.7
2016,7,DEN,Jamal Murray,Kentucky,5,10384,30.1,20.8,.096,0.2,5.9
2016,8,SAC,Marquese Chriss,Washington,5,4992,19.3,5.7,.055,-2.3,-0.4
2016,9,TOR,Jakob Poeltl,Utah,5,6439,18.5,22.0,.164,0.8,4.6
2016,10,MIL,Thon Maker,,5,3624,13.8,6.6,.087,-2.1,-0.1
2016,11,ORL,Domantas Sabonis,Gonzaga,5,9670,27.4,27.5,.137,1.3,8.0
2016,12,UTA,Taurean Prince,Baylor,5,7759,25.8,6.1,.038,-1.9,0.1
2016,13,PHO,Georgios Papagiannis,,2,477,12.2,0.4,.044,-3.9,-0.2
2016,14,CHI,Denzel Valentine,Michigan State,4,4595,19.8,4.3,.045,-1.9,0.1
2016,15,DEN,Juan Hernangómez,,5,4210,16.4,7.2,.082,-2.0,0.0
2016,16,BOS,Guerschon Yabusele,,2,486,6.6,1.1,.105,-1.9,0.0
2016,17,MEM,Wade Baldwin,Vanderbilt,3,579,10.3,-0.3,-.028,-5.3,-0.5
2016,18,DET,Henry Ellenson,Marquette,5,787,9.5,0.4,.023,-3.7,-0.3
2016,19,DEN,Malik Beasley,Florida State,5,5050,19.6,7.6,.072,-1.1,1.2
2016,20,IND,Caris LeVert,Michigan,5,6980,26.8,9.7,.066,-0.4,2.7
2016,21,ATL,DeAndre' Bembry,Saint Joseph's,5,4644,19.4,2.2,.023,-2.7,-0.8
2016,22,CHO,Malachi Richardson,Syracuse,3,625,8.9,-0.1,-.009,-6.1,-0.7
2016,23,BOS,Ante Žižić,,3,1517,13.4,3.5,.110,-2.6,-0.2
2016,24,PHI,Timothé Luwawu-Cabarrot,,5,4569,16.6,3.9,.041,-4.2,-2.6
2016,25,LAC,Brice Johnson,UNC,2,107,5.1,0.1,.062,-0.6,0.0
2016,26,PHI,Furkan Korkmaz,,4,3380,17.9,5.9,.084,-1.2,0.7
2016,27,TOR,Pascal Siakam,New Mexico State,5,9202,27.7,25.2,.131,1.2,7.4
2016,28,PHO,Skal Labissière,Kentucky,4,2595,17.5,4.4,.081,-2.3,-0.2
2016,29,SAS,Dejounte Murray,Washington,4,5891,23.4,9.1,.074,0.2,3.3
2016,30,GSW,Damian Jones,Vanderbilt,5,2018,14.1,5.9,.141,-1.5,0.3
2016,31,BOS,Deyonta Davis,Michigan State,3,1299,12.1,3.6,.131,-2.1,0.0
2016,32,LAL,Ivica Zubac,,5,4994,17.6,18.9,.181,0.5,3.1
2016,33,LAC,Cheick Diallo,Kansas,4,2155,12.0,6.3,.140,-1.3,0.4
2016,34,PHO,Tyler Ulis,Kentucky,3,2782,20.9,0.5,.008,-3.6,-1.1
2016,35,BOS,Rade Zagorac,,,,,,,,
2016,36,MIL,Malcolm Brogdon,Virginia,5,8846,29.8,21.5,.117,0.8,6.4
2016,37,HOU,Chinanu Onuaku,Louisville,2,74,12.3,0.1,.043,-5.4,-0.1
2016,38,MIL,Patrick McCaw,UNLV,5,3373,16.9,4.4,.062,-2.8,-0.6
2016,39,NOP,David Michineau,,,,,,,,
2016,40,NOP,Diamond Stone,Maryland,1,24,3.4,-0.1,-.211,-20.8,-0.1
2016,41,ORL,Stephen Zimmerman,UNLV,1,108,5.7,0.0,-.005,-8.3,-0.2
2016,42,UTA,Isaiah Whitehead,Seton Hall,2,1823,20.5,-0.9,-.025,-5.0,-1.4
2016,43,HOU,Zhou Qi,,2,125,6.6,-0.2,-.093,-9.6,-0.2
2016,44,ATL,Isaïa Cordinier,,,,,,,,
2016,45,BOS,Demetrius Jackson,Notre Dame,3,136,5.2,0.2,.087,-0.5,0.1
2016,46,DAL,A.J. Hammons,Purdue,1,163,7.4,0.0,-.001,-6.6,-0.2
2016,47,ORL,Jake Layman,Maryland,5,2868,13.7,3.7,.062,-2.3,-0.2
2016,48,CHI,Paul Zipser,,2,1667,17.0,0.0,-.001,-5.2,-1.4
2016,49,DET,Michael Gbinije,Syracuse,1,32,3.6,-0.1,-.136,-12.1,-0.1
2016,50,IND,Georges Niang,Iowa State,5,2718,11.9,5.4,.094,-0.6,1.0
2016,51,BOS,Ben Bentil,Providence,1,10,3.3,-0.1,-.473,-25.9,-0.1
2016,52,UTA,Joel Bolomboy,Weber State,2,91,5.1,0.3,.132,-0.1,0.0
2016,53,DEN,Petr Cornelie,,,,,,,,
2016,54,ATL,Kay Felder,Oakland,2,526,9.1,-0.4,-.041,-4.7,-0.4
2016,55,BRK,Marcus Paige,UNC,1,28,5.6,0.0,-.006,-8.8,0.0
2016,56,DEN,Daniel Hamilton,UConn,2,232,9.3,0.0,.000,-3.3,-0.1
2016,57,MEM,Wang Zhelin,,,,,,,,
2016,58,BOS,Abdel Nader,Iowa State,4,2438,13.0,2.8,.055,-2.5,-0.3
2016,59,SAC,Isaiah Cousins,Oklahoma,,,,,,,
2016,60,UTA,Tyrone Wallace,California,3,1639,15.5,0.2,.006,-5.1,-1.3
2017,1,PHI,Markelle Fultz,Washington,4,2891,25.6,3.1,.052,-2.2,-0.2
2017,2,LAL,Lonzo Ball,UCLA,4,6975,32.1,9.2,.063,0.8,4.8
2017,3,BOS,Jayson Tatum,Duke,4,9453,32.7,25.5,.129,2.1,9.8
2017,4,PHO,Josh Jackson,Kansas,4,5888,24.5,-1.7,-.014,-3.8,-2.7
2017,5,SAC,De'Aaron Fox,Kentucky,4,8242,31.3,13.2,.077,0.1,4.5
2017,6,ORL,Jonathan Isaac,Florida State,3,3512,25.8,6.7,.091,0.2,2.0
2017,7,MIN,Lauri Markkanen,Arizona,4,6511,29.5,11.6,.086,-0.2,2.8
2017,8,NYK,Frank Ntilikina,,4,4119,19.5,-0.4,-.004,-4.5,-2.6
2017,9,DAL,Dennis Smith Jr.,NC State,4,4514,25.2,-1.0,-.010,-2.4,-0.5
2017,10,SAC,Zach Collins,Gonzaga,3,2691,17.5,3.9,.069,-2.6,-0.4
2017,11,CHO,Malik Monk,Kentucky,4,4159,17.8,2.0,.023,-2.7,-0.7
2017,12,DET,Luke Kennard,Duke,4,5054,22.3,9.7,.092,-0.7,1.6
2017,13,DEN,Donovan Mitchell,Louisville,4,9371,33.7,21.8,.112,1.8,9.1
2017,14,MIA,Bam Adebayo,Kentucky,4,7841,27.3,28.3,.173,2.7,9.4
2017,15,POR,Justin Jackson,UNC,4,4742,19.1,5.3,.053,-2.8,-1.0
2017,16,CHI,Justin Patton,Creighton,4,296,13.5,0.4,.066,-2.6,0.0
2017,17,MIL,D.J. Wilson,Michigan,4,1749,12.3,2.4,.067,-2.9,-0.4
2017,18,IND,T.J. Leaf,UCLA,4,1238,8.5,2.7,.104,-1.8,0.1
2017,19,ATL,John Collins,Wake Forest,4,6825,28.6,23.1,.162,1.4,5.8
2017,20,POR,Harry Giles,Duke,3,1835,12.9,3.0,.079,-2.5,-0.2
2017,21,OKC,Terrance Ferguson,,4,4000,19.6,4.4,.053,-4.0,-2.1
2017,22,BRK,Jarrett Allen,Texas,4,7253,25.4,26.5,.175,1.2,5.8
2017,23,TOR,OG Anunoby,Indiana,4,6332,25.0,13.8,.105,0.0,3.1
2017,24,UTA,Tyler Lydon,Syracuse,2,96,3.7,0.2,.084,-4.3,-0.1
2017,25,ORL,Anžejs Pasečņiks,,2,443,15.8,0.4,.038,-6.2,-0.5
2017,26,POR,Caleb Swanigan,Purdue,3,655,8.7,-0.2,-.015,-6.2,-0.7
2017,27,BRK,Kyle Kuzma,Utah,4,8195,29.7,12.2,.072,-1.2,1.5
2017,28,LAL,Tony Bradley,UNC,4,1412,12.6,6.1,.208,0.9,1.0
2017,29,SAS,Derrick White,Colorado,4,4608,24.5,10.2,.106,1.1,3.6
2017,30,UTA,Josh Hart,Villanova,4,6280,26.0,11.4,.087,-0.8,1.9
2017,31,CHO,Frank Jackson,Duke,3,2704,16.9,1.8,.031,-4.2,-1.5
2017,32,PHO,Davon Reed,Miami (FL),2,289,9.3,-0.2,-.039,-6.3,-0.3
2017,33,ORL,Wesley Iwundu,Kansas State,4,3745,16.8,4.2,.053,-3.8,-1.8
2017,34,SAC,Frank Mason III,Kansas,4,1616,15.7,1.2,.035,-2.7,-0.3
2017,35,ORL,Ivan Rabb,California,2,1237,14.6,3.2,.125,-1.7,0.1
2017,36,PHI,Jonah Bolden,,2,686,13.5,1.4,.098,-1.3,0.1
2017,37,BOS,Semi Ojeleye,SMU,4,3705,14.6,5.0,.064,-3.3,-1.2
2017,38,CHI,Jordan Bell,Oregon,4,1935,12.1,4.9,.121,0.2,1.1
2017,39,PHI,Jawun Evans,Oklahoma State,2,843,15.1,-0.4,-.022,-5.4,-0.7
2017,40,NOP,Dwayne Bacon,Florida State,4,4012,19.4,0.8,.010,-5.0,-3.1
2017,41,ATL,Tyler Dorsey,Oregon,2,1672,16.1,1.0,.030,-3.1,-0.5
2017,42,UTA,Thomas Bryant,Indiana,4,2986,20.9,10.5,.169,1.8,2.8
2017,43,HOU,Isaiah Hartenstein,,3,1046,10.8,3.1,.141,-1.5,0.1
2017,44,NYK,Damyean Dotson,Oregon,4,4221,20.0,3.0,.034,-2.8,-0.9
2017,45,HOU,Dillon Brooks,Oregon,4,6789,28.3,3.7,.026,-4.1,-3.7
2017,46,PHI,Sterling Brown,SMU,4,3806,17.7,5.8,.073,-2.0,0.0
2017,47,IND,Ike Anigbogu,UCLA,2,36,2.6,0.0,.057,-1.1,0.0
2017,48,MIL,Sindarius Thornwell,South Carolina,4,1721,10.8,1.1,.032,-3.1,-0.5
2017,49,DEN,Vlatko Čančar,,2,326,5.9,0.4,.054,-3.0,-0.1
2017,50,PHI,Mathias Lessort,,,,,,,,
2017,51,DEN,Monte Morris,Iowa State,4,4827,23.5,13.1,.130,0.4,2.9
2017,52,NOP,Edmond Sumner,Xavier,4,1520,14.1,1.9,.061,-3.2,-0.5
2017,53,BOS,Kadeem Allen,Arizona,3,640,13.6,1.0,.075,-1.0,0.2
2017,54,PHO,Alec Peters,Valparaiso,1,225,11.3,0.3,.055,-2.8,0.0
2017,55,UTA,Nigel Williams-Goss,Gonzaga,1,50,5.0,0.0,.017,-3.9,0.0
2017,56,BOS,Jabari Bird,California,1,115,8.8,0.2,.098,-3.1,0.0
2017,57,BRK,Sasha Vezenkov,,,,,,,,
2017,58,NYK,Ognjen Jaramaz,,,,,,,,
2017,59,SAS,Jaron Blossomgame,Clemson,1,439,16.3,0.3,.030,-3.8,-0.2
2017,60,ATL,Alpha Kaba,,,,,,,,
2018,1,PHO,Deandre Ayton,Arizona,3,5534,31.1,17.4,.151,0.5,3.5
2018,2,SAC,Marvin Bagley III,Duke,3,3013,25.5,5.3,.085,-2.1,-0.1
2018,3,ATL,Luka Dončić,,3,6627,33.3,21.4,.155,6.3,13.8
2018,4,MEM,Jaren Jackson Jr.,Michigan State,3,3395,26.9,7.5,.106,0.1,1.8
2018,5,DAL,Trae Young,Oklahoma,3,6748,33.1,16.3,.116,2.2,7.0
2018,6,ORL,Mo Bamba,Texas,3,2369,15.3,5.9,.120,-0.3,1.0
2018,7,CHI,Wendell Carter Jr.,Duke,3,3741,26.5,8.6,.110,-1.9,0.1
2018,8,CLE,Collin Sexton,Alabama,3,6863,33.2,5.4,.038,-2.3,-0.6
2018,9,NYK,Kevin Knox,Kentucky,3,3788,20.8,-0.6,-.007,-4.8,-2.6
2018,10,PHI,Mikal Bridges,Villanova,3,6807,30.0,15.7,.111,0.7,4.7
2018,11,CHO,Shai Gilgeous-Alexander,Kentucky,3,5782,30.9,13.0,.108,1.3,4.8
2018,12,LAC,Miles Bridges,Michigan State,3,5623,26.6,8.8,.075,-1.1,1.3
2018,13,LAC,Jerome Robinson,Boston College,3,1604,14.2,-0.1,-.003,-4.8,-1.1
2018,14,DEN,Michael Porter Jr.,Missouri,2,2815,24.3,9.8,.167,2.5,3.2
2018,15,WAS,Troy Brown Jr.,Oregon,3,3036,19.6,3.5,.055,-2.1,-0.1
2018,16,PHO,Zhaire Smith,Texas Tech,2,143,11.0,0.0,.011,-6.1,-0.2
2018,17,MIL,Donte DiVincenzo,Villanova,3,3745,23.6,8.5,.108,0.3,2.2
2018,18,SAS,Lonnie Walker,Miami (FL),3,2628,19.0,0.7,.014,-3.6,-1.1
2018,19,ATL,Kevin Huerter,Maryland,3,5934,29.7,6.6,.053,-1.5,0.8
2018,20,MIN,Josh Okogie,Georgia Tech,3,4501,23.1,4.7,.050,-3.0,-1.2
2018,21,UTA,Grayson Allen,Duke,3,2393,19.0,3.9,.078,-1.8,0.2
2018,22,CHI,Chandler Hutchison,Boise State,3,1768,18.2,1.2,.032,-3.9,-0.9
2018,23,IND,Aaron Holiday,UCLA,3,3439,18.9,3.2,.045,-2.5,-0.4
2018,24,POR,Anfernee Simons,,3,2694,17.5,2.0,.036,-3.2,-0.8
2018,25,LAL,Moritz Wagner,Michigan,3,2003,15.1,3.1,.075,-2.9,-0.4
2018,26,PHI,Landry Shamet,Wichita State,3,4657,24.1,8.0,.083,-2.0,0.0
2018,27,BOS,Robert Williams,Texas A&amp;M,3,1656,14.7,8.5,.247,5.1,3.0
2018,28,GSW,Jacob Evans,Cincinnati,2,622,10.5,-0.6,-.047,-7.4,-0.8
2018,29,BRK,Džanan Musa,,2,526,10.7,0.0,.003,-4.6,-0.4
2018,30,ATL,Omari Spellman,Villanova,2,1691,17.8,2.4,.068,-1.5,0.2
2018,31,PHO,Elie Okobo,,2,1677,15.5,0.5,.014,-4.1,-0.9
2018,32,MEM,Jevon Carter,West Virginia,3,2239,14.3,3.3,.072,-0.6,0.8
2018,33,DAL,Jalen Brunson,Villanova,3,4310,21.8,9.8,.109,-0.6,1.5
2018,34,ATL,Devonte' Graham,Kansas,3,4546,27.7,7.3,.077,-0.2,2.1
2018,35,ORL,Melvin Frazier,Tulane,2,170,5.9,0.0,.008,-5.4,-0.2
2018,36,NYK,Mitchell Robinson,,3,3625,22.9,16.3,.216,2.3,3.9
2018,37,SAC,Gary Trent Jr.,Duke,3,3245,24.2,3.9,.058,-2.0,0.0
2018,38,PHI,Khyri Thomas,Creighton,3,409,10.5,0.5,.058,-2.7,-0.1
2018,39,PHI,Isaac Bonga,,3,1802,14.1,1.6,.043,-3.8,-0.8
2018,40,BRK,Rodions Kurucs,,3,2103,16.1,2.3,.052,-2.8,-0.4
2018,41,ORL,Jarred Vanderbilt,Kentucky,3,1254,13.6,3.2,.121,-1.0,0.3
2018,42,DET,Bruce Brown,Miami (FL),3,4534,23.0,7.9,.084,-1.6,0.5
2018,43,DEN,Justin Jackson,Maryland,,,,,,,
2018,44,WAS,Issuf Sanon,,,,,,,,
2018,45,BRK,Hamidou Diallo,Kentucky,3,2648,17.8,2.8,.050,-3.3,-0.8
2018,46,HOU,De'Anthony Melton,USC,3,3196,19.7,4.0,.060,-0.3,1.4
2018,47,LAL,Sviatoslav Mykhailiuk,Kansas,3,3029,18.5,1.8,.028,-2.8,-0.6
2018,48,MIN,Keita Bates-Diop,Ohio State,3,1492,14.3,1.9,.061,-2.2,-0.1
2018,49,SAS,Chimezie Metu,USC,3,738,8.9,0.6,.039,-4.0,-0.4
2018,50,IND,Alize Johnson,Missouri State,3,371,7.6,1.2,.155,-0.5,0.1
2018,51,NOP,Tony Carr,Penn State,,,,,,,
2018,52,UTA,Vince Edwards,Purdue,1,16,8.0,0.0,-.014,-6.4,0.0
2018,53,OKC,Devon Hall,Virginia,1,81,7.4,-0.2,-.116,-6.4,-0.1
2018,54,DAL,Shake Milton,SMU,3,2534,20.6,5.2,.099,-1.9,0.1
2018,55,CHO,Arnoldas Kulboka,,,,,,,,
2018,56,PHI,Ray Spalding,Louisville,2,167,10.4,0.1,.024,-5.7,-0.2
2018,57,OKC,Kevin Hervey,UT Arlington,1,52,5.2,-0.1,-.085,-5.1,0.0
2018,58,DEN,Thomas Welsh,UCLA,1,36,3.3,0.1,.162,1.2,0.0
2018,59,PHO,George King,Colorado,1,6,6.0,0.0,-.001,-7.9,0.0
2018,60,PHI,Kostas Antetokounmpo,Dayton,3,87,4.0,-0.2,-.098,-10.2,-0.2
2019,1,NOP,Zion Williamson,Duke,2,2694,31.7,10.6,.189,4.6,4.5
2019,2,MEM,Ja Morant,Murray State,2,4127,31.7,7.0,.081,-0.2,1.8
2019,3,NYK,RJ Barrett,Duke,2,4215,32.9,3.6,.041,-2.7,-0.7
2019,4,LAL,De'Andre Hunter,Virginia,2,2696,31.3,1.8,.032,-3.3,-0.9
2019,5,CLE,Darius Garland,Vanderbilt,2,3614,32.0,-0.1,-.001,-3.6,-1.5
2019,6,PHO,Jarrett Culver,Texas Tech,2,2005,20.7,-0.2,-.005,-4.6,-1.3
2019,7,CHI,Coby White,UNC,2,3830,28.6,3.3,.041,-2.7,-0.7
2019,8,ATL,Jaxson Hayes,Texas,2,2044,16.5,7.4,.174,0.1,1.1
2019,9,WAS,Rui Hachimura,Gonzaga,2,3241,30.9,3.9,.058,-3.3,-1.1
2019,10,ATL,Cam Reddish,Duke,2,2301,27.4,0.0,.001,-4.0,-1.2
2019,11,MIN,Cameron Johnson,UNC,2,2692,23.0,5.2,.093,-0.2,1.2
2019,12,CHO,P.J. Washington,Kentucky,2,3713,30.4,4.7,.060,-1.4,0.6
2019,13,MIA,Tyler Herro,Kentucky,2,3143,28.8,3.2,.050,-1.6,0.3
2019,14,BOS,Romeo Langford,Indiana,2,653,13.1,0.2,.016,-5.0,-0.5
2019,15,DET,Sekou Doumbouya,,2,1623,17.3,-0.5,-.016,-6.9,-2.0
2019,16,ORL,Chuma Okeke,Auburn,1,1133,25.2,1.3,.056,-1.4,0.2
2019,17,BRK,Nickeil Alexander-Walker,Virginia Tech,2,1598,17.2,0.5,.015,-2.7,-0.3
2019,18,IND,Goga Bitadze,,2,1032,10.4,2.2,.101,-1.7,0.1
2019,19,SAS,Luka Šamanić,,2,356,9.9,0.1,.015,-5.0,-0.3
2019,20,BOS,Matisse Thybulle,Washington,2,2585,19.9,5.1,.094,0.9,1.9
2019,21,OKC,Brandon Clarke,Gonzaga,2,2715,23.2,9.1,.162,2.1,2.8
2019,22,BOS,Grant Williams,Tennessee,2,2181,16.5,2.7,.058,-3.4,-0.8
2019,23,UTA,Darius Bazley,,2,2844,24.5,0.0,.001,-3.3,-0.9
2019,24,PHI,Ty Jerome,Virginia,2,1116,17.4,1.3,.055,-1.4,0.2
2019,25,POR,Nassir Little,UNC,2,1213,12.6,1.7,.066,-3.3,-0.4
2019,26,CLE,Dylan Windler,Belmont,1,513,16.5,0.5,.045,-1.7,0.0
2019,27,BRK,Mfiondu Kabengele,Florida State,2,344,6.7,0.4,.054,-3.3,-0.1
2019,28,GSW,Jordan Poole,Michigan,2,2262,20.9,0.7,.015,-4.0,-1.1
2019,29,SAS,Keldon Johnson,Kentucky,2,2269,26.4,4.3,.092,-1.5,0.3
2019,30,MIL,Kevin Porter Jr.,USC,2,1997,26.3,0.3,.007,-3.8,-0.9
2019,31,BRK,Nicolas Claxton,Georgia,2,781,16.6,2.4,.145,0.1,0.4
2019,32,PHO,KZ Okpala,Stanford,2,473,11.3,0.2,.021,-6.7,-0.6
2019,33,PHI,Carsen Edwards,Purdue,2,627,9.2,0.4,.030,-4.7,-0.4
2019,34,PHI,Bruno Fernando,Maryland,2,939,10.6,0.7,.037,-4.8,-0.7
2019,35,ATL,Didi Louzada,,1,56,18.7,-0.1,-.099,-9.8,-0.1
2019,36,CHO,Cody Martin,Nevada,2,1752,17.5,2.1,.056,-2.2,-0.1
2019,37,DAL,Deividas Sirvydis,,1,133,6.7,0.0,-.010,-5.6,-0.1
2019,38,CHI,Daniel Gafford,Arkansas,2,1400,14.4,5.3,.182,0.8,1.0
2019,39,NOP,Alen Smailagić,,2,223,7.7,0.3,.056,-3.4,-0.1
2019,40,SAC,Justin James,Wyoming,2,542,7.5,0.3,.024,-3.2,-0.2
2019,41,GSW,Eric Paschall,Villanova,2,2349,23.5,3.0,.062,-2.9,-0.5
2019,42,PHI,Admiral Schofield,Tennessee,1,368,11.2,0.1,.017,-5.5,-0.3
2019,43,MIN,Jaylen Nowell,Washington,2,910,16.0,0.9,.045,-3.2,-0.3
2019,44,MIA,Bol Bol,Oregon,2,247,6.3,0.1,.020,-3.8,-0.1
2019,45,DET,Isaiah Roby,Nebraska,2,1436,22.4,1.2,.041,-3.6,-0.6
2019,46,ORL,Talen Horton-Tucker,Iowa State,2,1385,19.5,2.2,.077,-1.2,0.3
2019,47,SAC,Ignas Brazdeikis,Michigan,2,302,13.7,0.0,-.006,-6.2,-0.3
2019,48,LAC,Terance Mann,Florida State,2,1625,15.0,4.5,.133,-0.4,0.6
2019,49,SAS,Quinndary Weatherspoon,Mississippi State,2,199,6.4,-0.1,-.014,-6.0,-0.2
2019,50,IND,Jarrell Brantley,College of Charleston,2,234,6.3,0.5,.099,-0.6,0.1
2019,51,BOS,Tremont Waters,LSU,2,357,9.6,0.1,.019,-2.3,0.0
2019,52,CHO,Jalen McDaniels,San Diego State,2,1197,19.0,1.6,.066,-3.3,-0.4
2019,53,UTA,Justin Wright-Foreman,Hofstra,1,45,11.3,0.0,-.008,-9.0,-0.1
2019,54,PHI,Marial Shayok,Iowa State,1,28,7.0,-0.1,-.130,-13.0,-0.1
2019,55,NYK,Kyle Guy,Virginia,2,245,7.2,-0.1,-.016,-6.6,-0.3
2019,56,LAC,Jaylen Hands,UCLA,,,,,,,
2019,57,NOP,Jordan Bone,Tennessee,2,249,10.4,0.1,.010,-5.9,-0.2
2019,58,GSW,Miye Oni,Yale,2,628,9.8,1.0,.078,-2.5,-0.1
2019,59,TOR,Dewan Hernandez,Miami (FL),1,28,4.7,0.0,.043,-9.6,-0.1
2019,60,SAC,Vanja Marinković,,,,,,,,
2020,1,MIN,Anthony Edwards,Georgia,1,2314,32.1,0.8,.017,-2.6,-0.3
2020,2,GSW,James Wiseman,Memphis,1,836,21.4,0.7,.042,-5.4,-0.7
2020,3,CHO,LaMelo Ball,,1,1469,28.8,2.8,.093,1.9,1.4
2020,4,CHI,Patrick Williams,Florida State,1,1983,27.9,2.5,.060,-2.7,-0.3
2020,5,CLE,Isaac Okoro,Auburn,1,2173,32.4,0.9,.020,-5.0,-1.6
2020,6,ATL,Onyeka Okongwu,USC,1,601,12.0,1.9,.155,-1.3,0.1
2020,7,DET,Killian Hayes,,1,670,25.8,-1.1,-.081,-7.3,-0.9
2020,8,NYK,Obi Toppin,Dayton,1,683,11.0,1.5,.109,-1.0,0.2
2020,9,WAS,Deni Avdija,,1,1257,23.3,1.2,.046,-3.9,-0.6
2020,10,PHO,Jalen Smith,Maryland,1,156,5.8,0.1,.022,-6.2,-0.2
2020,11,SAS,Devin Vassell,Florida State,1,1056,17.0,1.5,.069,-1.9,0.1
2020,12,SAC,Tyrese Haliburton,Iowa State,1,1746,30.1,3.5,.096,1.1,1.4
2020,13,NOP,Kira Lewis Jr.,Alabama,1,904,16.7,0.9,.045,-3.8,-0.4
2020,14,BOS,Aaron Nesmith,Vanderbilt,1,669,14.5,1.1,.076,-3.2,-0.2
2020,15,ORL,Cole Anthony,UNC,1,1273,27.1,0.0,-.001,-3.3,-0.4
2020,16,POR,Isaiah Stewart,Washington,1,1455,21.4,4.0,.132,-1.2,0.3
2020,17,MIN,Aleksej Pokusevski,,1,1090,24.2,-1.9,-.084,-5.9,-1.1
2020,18,DAL,Josh Green,Arizona,1,445,11.4,0.5,.050,-3.7,-0.2
2020,19,BRK,Saddiq Bey,Villanova,1,1909,27.3,3.3,.082,-0.8,0.6
2020,20,MIA,Precious Achiuwa,Memphis,1,737,12.1,1.3,.085,-4.5,-0.5
2020,21,PHI,Tyrese Maxey,Kentucky,1,935,15.3,1.9,.099,-1.9,0.0
2020,22,DEN,Zeke Nnaji,Arizona,1,397,9.5,0.9,.104,-2.1,0.0
2020,23,NYK,Leandro Bolmaro,,,,,,,,
2020,24,MIL,R.J. Hampton,,1,888,17.4,0.4,.021,-3.8,-0.4
2020,25,OKC,Immanuel Quickley,Kentucky,1,1243,19.4,3.2,.125,0.6,0.8
2020,26,BOS,Payton Pritchard,Oregon,1,1268,19.2,2.5,.095,-1.1,0.3
2020,27,UTA,Udoka Azubuike,Kansas,1,57,3.8,0.1,.119,-4.9,0.0
2020,28,LAL,Jaden McDaniels,Washington,1,1511,24.0,1.4,.046,-3.8,-0.7
2020,29,TOR,Malachi Flynn,San Diego State,1,928,19.7,0.8,.041,-2.8,-0.2
2020,30,BOS,Desmond Bane,TCU,1,1519,22.3,2.9,.093,-1.0,0.4
2020,31,DAL,Tyrell Terry,Stanford,1,56,5.1,-0.1,-.049,-5.5,-0.1
2020,32,CHO,Vernon Carey Jr.,Duke,1,115,6.1,0.2,.066,-6.2,-0.1
2020,33,MIN,Daniel Oturu,Minnesota,1,161,5.4,0.3,.081,-5.6,-0.1
2020,34,PHI,Théo Maledon,,1,1778,27.4,-0.8,-.021,-5.2,-1.4
2020,35,SAC,Xavier Tillman Sr.,Michigan State,1,1085,18.4,2.9,.127,-0.4,0.4
2020,36,PHI,Tyler Bey,Colorado,1,71,3.9,0.0,-.033,-9.6,-0.1
2020,37,WAS,Vit Krejci,,,,,,,,
2020,38,UTA,Saben Lee,Vanderbilt,1,781,16.3,1.5,.091,-1.9,0.0
2020,39,NOP,Elijah Hughes,Syracuse,1,64,3.6,0.0,-.013,-3.7,0.0
2020,40,MEM,Robert Woodard,Mississippi State,1,45,3.5,0.0,-.011,-5.4,0.0
2020,41,SAS,Tre Jones,Duke,1,269,7.3,0.4,.066,-3.4,-0.1
2020,42,NOP,Nick Richards,Kentucky,1,63,3.5,0.0,.026,-8.7,-0.1
2020,43,SAC,Jahmi'us Ramsey,Texas Tech,1,94,7.2,0.0,.012,-4.7,-0.1
2020,44,CHI,Marko Simonovic,,,,,,,,
2020,45,MIL,Jordan Nwora,Louisville,1,274,9.1,0.4,.068,-1.3,0.0
2020,46,POR,CJ Elleby,Washington State,1,192,6.4,0.1,.032,-5.6,-0.2
2020,47,BOS,Yam Madar,,,,,,,,
2020,48,GSW,Nico Mannion,Arizona,1,364,12.1,0.2,.029,-4.1,-0.2
2020,49,PHI,Isaiah Joe,Arkansas,1,383,9.3,0.6,.078,-3.5,-0.1
2020,50,ATL,Skylar Mays,LSU,1,269,8.2,0.8,.140,1.6,0.2
2020,51,GSW,Justinian Jessup,Boise State,,,,,,,
2020,52,SAC,Kenyon Martin Jr.,,1,1068,23.7,2.2,.099,-1.8,0.0
2020,53,OKC,Cassius Winston,Michigan State,1,98,4.5,0.1,.066,-3.0,0.0
2020,54,IND,Cassius Stanley,Duke,1,93,3.9,-0.1,-.050,-11.2,-0.2
2020,55,BRK,Jay Scrubb,John A. Logan College,1,84,21.0,-0.1,-.072,-10.9,-0.2
2020,56,CHO,Grant Riller,College of Charleston,1,27,3.9,0.1,.177,5.4,0.1
2020,57,LAC,Reggie Perry,Mississippi State,1,211,8.1,0.2,.040,-6.7,-0.2
2020,58,PHI,Paul Reed,DePaul,1,177,6.8,0.6,.162,-0.9,0.0
2020,59,TOR,Jalen Harris,Nevada,1,172,13.2,0.3,.079,0.6,0.1
2020,60,NOP,Sam Merrill,Utah State University,1,233,7.8,0.5,.102,-1.4,0.0
